weber_version,start_date,start_time,offset,trial,time,sid,condition,version,separation,code,stimulus,phase,stimtrak,value,daq_code
0.4.4-dirty,2017-04-07,13:25:25,1,0,0.009013419060920569,jessica,pilot,0.2.1,6st,break_start,,,,,253
0.4.4-dirty,2017-04-07,13:25:25,1,0,0.5262143240802288,jessica,pilot,0.2.1,6st,high_latency,,,,0.26720090501930827,12
0.4.4-dirty,2017-04-07,13:25:25,3,0,1.2138622194192976,jessica,pilot,0.2.1,6st,break_start,,,,,253
0.4.4-dirty,2017-04-07,13:25:25,4,0,463.5095251725702,jessica,pilot,0.2.1,6st,break_start,,,,,253
0.4.4-dirty,2017-04-07,13:25:25,5,0,514.0789332034801,jessica,pilot,0.2.1,6st,break_start,,,,,253
0.4.4-dirty,2017-04-07,13:25:25,5,0,514.0903283433327,jessica,pilot,0.2.1,6st,instructions,,,,,13
0.4.4-dirty,2017-04-07,13:25:25,5,0,551.3047735911241,jessica,pilot,0.2.1,6st,instructions,,,,,13
0.4.4-dirty,2017-04-07,13:25:25,6,0,553.1997432394364,jessica,pilot,0.2.1,6st,practice_start,,,,,14
0.4.4-dirty,2017-04-07,13:25:25,6,0,553.2089334201551,jessica,pilot,0.2.1,6st,stimulus,,practice,,,9
0.4.4-dirty,2017-04-07,13:25:25,6,0,556.9434978509203,jessica,pilot,0.2.1,6st,stream_1,,practice,,,1
0.4.4-dirty,2017-04-07,13:25:25,6,0,557.3595098342203,jessica,pilot,0.2.1,6st,stream_1_up,,practice,,,3
0.4.4-dirty,2017-04-07,13:25:25,6,0,557.3862216568382,jessica,pilot,0.2.1,6st,stimulus,,practice,,,9
0.4.4-dirty,2017-04-07,13:25:25,6,0,560.2273211941788,jessica,pilot,0.2.1,6st,stream_1,,practice,,,1
0.4.4-dirty,2017-04-07,13:25:25,6,0,560.2396645747967,jessica,pilot,0.2.1,6st,stimulus,,practice,,,9
0.4.4-dirty,2017-04-07,13:25:25,6,0,560.3664910644129,jessica,pilot,0.2.1,6st,stream_1_up,,practice,,,3
0.4.4-dirty,2017-04-07,13:25:25,6,0,562.6017787924784,jessica,pilot,0.2.1,6st,stream_1,,practice,,,1
0.4.4-dirty,2017-04-07,13:25:25,6,0,562.6184457062309,jessica,pilot,0.2.1,6st,stream_1_up,,practice,,,3
0.4.4-dirty,2017-04-07,13:25:25,6,0,563.0397291783315,jessica,pilot,0.2.1,6st,stimulus,,practice,,,9
0.4.4-dirty,2017-04-07,13:25:25,6,0,565.2268721625478,jessica,pilot,0.2.1,6st,stream_1,,practice,,,1
0.4.4-dirty,2017-04-07,13:25:25,6,0,565.3768760969201,jessica,pilot,0.2.1,6st,stream_1_up,,practice,,,3
0.4.4-dirty,2017-04-07,13:25:25,6,0,565.8397852288836,jessica,pilot,0.2.1,6st,stimulus,,practice,,,9
0.4.4-dirty,2017-04-07,13:25:25,6,0,567.9699938532558,jessica,pilot,0.2.1,6st,stream_1,,practice,,,1
0.4.4-dirty,2017-04-07,13:25:25,6,0,568.1033294483782,jessica,pilot,0.2.1,6st,stream_1_up,,practice,,,3
0.4.4-dirty,2017-04-07,13:25:25,6,0,568.7395448330285,jessica,pilot,0.2.1,6st,stimulus,,practice,,,9
0.4.4-dirty,2017-04-07,13:25:25,6,0,570.6094462570431,jessica,pilot,0.2.1,6st,stream_1,,practice,,,1
0.4.4-dirty,2017-04-07,13:25:25,6,0,571.2021534701735,jessica,pilot,0.2.1,6st,stream_1_up,,practice,,,3
0.4.4-dirty,2017-04-07,13:25:25,6,0,571.5395926156957,jessica,pilot,0.2.1,6st,stimulus,,practice,,,9
0.4.4-dirty,2017-04-07,13:25:25,6,0,573.6392288858196,jessica,pilot,0.2.1,6st,stream_1,,practice,,,1
0.4.4-dirty,2017-04-07,13:25:25,6,0,573.6558957995726,jessica,pilot,0.2.1,6st,stream_1_up,,practice,,,3
0.4.4-dirty,2017-04-07,13:25:25,6,0,574.3396435344571,jessica,pilot,0.2.1,6st,stimulus,,practice,,,9
0.4.4-dirty,2017-04-07,13:25:25,6,0,576.3804187426658,jessica,pilot,0.2.1,6st,stream_1,,practice,,,1
0.4.4-dirty,2017-04-07,13:25:25,6,0,576.56375850024,jessica,pilot,0.2.1,6st,stream_1_up,,practice,,,3
0.4.4-dirty,2017-04-07,13:25:25,6,0,577.1396910320254,jessica,pilot,0.2.1,6st,stimulus,,practice,,,9
0.4.4-dirty,2017-04-07,13:25:25,6,0,579.3598907270834,jessica,pilot,0.2.1,6st,stream_1,,practice,,,1
0.4.4-dirty,2017-04-07,13:25:25,6,0,579.8855032062283,jessica,pilot,0.2.1,6st,stream_1_up,,practice,,,3
0.4.4-dirty,2017-04-07,13:25:25,6,0,579.9397385295938,jessica,pilot,0.2.1,6st,stimulus,,practice,,,9
0.4.4-dirty,2017-04-07,13:25:25,6,0,581.9869558449377,jessica,pilot,0.2.1,6st,stream_1,,practice,,,1
0.4.4-dirty,2017-04-07,13:25:25,6,0,582.4836424191485,jessica,pilot,0.2.1,6st,stream_1_up,,practice,,,3
0.4.4-dirty,2017-04-07,13:25:25,6,0,582.7397885930568,jessica,pilot,0.2.1,6st,stimulus,,practice,,,9
0.4.4-dirty,2017-04-07,13:25:25,6,0,584.9807278474877,jessica,pilot,0.2.1,6st,stream_1,,practice,,,1
0.4.4-dirty,2017-04-07,13:25:25,6,0,584.9973947612407,jessica,pilot,0.2.1,6st,stream_1_up,,practice,,,3
0.4.4-dirty,2017-04-07,13:25:25,6,0,585.5398395118182,jessica,pilot,0.2.1,6st,stimulus,,practice,,,9
0.4.4-dirty,2017-04-07,13:25:25,6,0,587.7209115883802,jessica,pilot,0.2.1,6st,stream_1,,practice,,,1
0.4.4-dirty,2017-04-07,13:25:25,6,0,587.8542491791986,jessica,pilot,0.2.1,6st,stream_1_up,,practice,,,3
0.4.4-dirty,2017-04-07,13:25:25,7,0,588.4627868243001,jessica,pilot,0.2.1,6st,break_start,,,,,253
0.4.4-dirty,2017-04-07,13:25:25,7,0,588.4746244384964,jessica,pilot,0.2.1,6st,instructions,,,,,13
0.4.4-dirty,2017-04-07,13:25:25,8,0,623.2327779976213,jessica,pilot,0.2.1,6st,practice_start,,,,,14
0.4.4-dirty,2017-04-07,13:25:25,8,0,623.2431704427136,jessica,pilot,0.2.1,6st,stimulus,,practice,,,9
0.4.4-dirty,2017-04-07,13:25:25,8,0,625.2878654832375,jessica,pilot,0.2.1,6st,stream_1,,practice,,,1
0.4.4-dirty,2017-04-07,13:25:25,8,0,625.4378685623119,jessica,pilot,0.2.1,6st,stream_1_up,,practice,,,3
0.4.4-dirty,2017-04-07,13:25:25,8,0,626.0965321073295,jessica,pilot,0.2.1,6st,stimulus,,practice,,,9
0.4.4-dirty,2017-04-07,13:25:25,8,0,627.941005796642,jessica,pilot,0.2.1,6st,stream_1,,practice,,,1
0.4.4-dirty,2017-04-07,13:25:25,8,0,628.1597514845125,jessica,pilot,0.2.1,6st,stream_1_up,,practice,,,3
0.4.4-dirty,2017-04-07,13:25:25,8,0,628.8978505782384,jessica,pilot,0.2.1,6st,stimulus,,practice,,,9
0.4.4-dirty,2017-04-07,13:25:25,8,0,631.1185366529553,jessica,pilot,0.2.1,6st,stream_1,,practice,,,1
0.4.4-dirty,2017-04-07,13:25:25,8,0,631.2352053343247,jessica,pilot,0.2.1,6st,stream_1_up,,practice,,,3
0.4.4-dirty,2017-04-07,13:25:25,8,0,631.6979097648841,jessica,pilot,0.2.1,6st,stimulus,,practice,,,9
0.4.4-dirty,2017-04-07,13:25:25,8,0,633.8318241118864,jessica,pilot,0.2.1,6st,stream_1,,practice,,,1
0.4.4-dirty,2017-04-07,13:25:25,8,0,633.933445814569,jessica,pilot,0.2.1,6st,stream_1_up,,practice,,,3
0.4.4-dirty,2017-04-07,13:25:25,8,0,634.0682787519941,jessica,pilot,0.2.1,6st,stream_1,,practice,,,1
0.4.4-dirty,2017-04-07,13:25:25,8,0,634.1708161941046,jessica,pilot,0.2.1,6st,stream_1_up,,practice,,,3
0.4.4-dirty,2017-04-07,13:25:25,8,0,634.4979649601373,jessica,pilot,0.2.1,6st,stimulus,,practice,,,9
0.4.4-dirty,2017-04-07,13:25:25,8,0,636.7662771828068,jessica,pilot,0.2.1,6st,stream_1,,practice,,,1
0.4.4-dirty,2017-04-07,13:25:25,8,0,636.8498729026655,jessica,pilot,0.2.1,6st,stream_1_up,,practice,,,3
0.4.4-dirty,2017-04-07,13:25:25,8,0,637.298021580888,jessica,pilot,0.2.1,6st,stimulus,,practice,,,9
0.4.4-dirty,2017-04-07,13:25:25,8,0,639.4248563383876,jessica,pilot,0.2.1,6st,stream_1,,practice,,,1
0.4.4-dirty,2017-04-07,13:25:25,8,0,639.5281547109262,jessica,pilot,0.2.1,6st,stream_1_up,,practice,,,3
0.4.4-dirty,2017-04-07,13:25:25,8,0,640.0980790569365,jessica,pilot,0.2.1,6st,stimulus,,practice,,,9
0.4.4-dirty,2017-04-07,13:25:25,8,0,641.9630562432785,jessica,pilot,0.2.1,6st,stream_1,,practice,,,1
0.4.4-dirty,2017-04-07,13:25:25,8,0,642.0485481595688,jessica,pilot,0.2.1,6st,stream_1_up,,practice,,,3
0.4.4-dirty,2017-04-07,13:25:25,8,0,642.8981376733827,jessica,pilot,0.2.1,6st,stimulus,,practice,,,9
0.4.4-dirty,2017-04-07,13:25:25,8,0,644.8225338612615,jessica,pilot,0.2.1,6st,stream_1,,practice,,,1
0.4.4-dirty,2017-04-07,13:25:25,8,0,644.906303491784,jessica,pilot,0.2.1,6st,stream_1_up,,practice,,,3
0.4.4-dirty,2017-04-07,13:25:25,8,0,645.7007618997659,jessica,pilot,0.2.1,6st,stimulus,,practice,,,9
0.4.4-dirty,2017-04-07,13:25:25,8,0,647.4554329691282,jessica,pilot,0.2.1,6st,stream_1,,practice,,,1
0.4.4-dirty,2017-04-07,13:25:25,8,0,647.5395951815913,jessica,pilot,0.2.1,6st,stream_1_up,,practice,,,3
0.4.4-dirty,2017-04-07,13:25:25,8,0,648.5008213715109,jessica,pilot,0.2.1,6st,stimulus,,practice,,,9
0.4.4-dirty,2017-04-07,13:25:25,8,0,650.3384501081664,jessica,pilot,0.2.1,6st,stream_1,,practice,,,1
0.4.4-dirty,2017-04-07,13:25:25,8,0,650.4897603682116,jessica,pilot,0.2.1,6st,stream_1_up,,practice,,,3
0.4.4-dirty,2017-04-07,13:25:25,8,0,651.3009549691119,jessica,pilot,0.2.1,6st,stimulus,,practice,,,9
0.4.4-dirty,2017-04-07,13:25:25,8,0,653.21775895868,jessica,pilot,0.2.1,6st,stream_1,,practice,,,1
0.4.4-dirty,2017-04-07,13:25:25,8,0,653.3010938125435,jessica,pilot,0.2.1,6st,stream_1_up,,practice,,,3
0.4.4-dirty,2017-04-07,13:25:25,8,0,654.1904011007118,jessica,pilot,0.2.1,6st,stimulus,,practice,,,9
0.4.4-dirty,2017-04-07,13:25:25,8,0,655.8128960744084,jessica,pilot,0.2.1,6st,stream_1,,practice,,,1
0.4.4-dirty,2017-04-07,13:25:25,8,0,655.9295661812753,jessica,pilot,0.2.1,6st,stream_1_up,,practice,,,3
0.4.4-dirty,2017-04-07,13:25:25,9,0,656.9904765380256,jessica,pilot,0.2.1,6st,break_start,,,,,253
0.4.4-dirty,2017-04-07,13:25:25,9,0,657.0020147978021,jessica,pilot,0.2.1,6st,instructions,,,,,13
0.4.4-dirty,2017-04-07,13:25:25,10,0,691.5969805687619,jessica,pilot,0.2.1,6st,break_start,,,,,253
0.4.4-dirty,2017-04-07,13:25:25,11,1,696.4120841681993,jessica,pilot,0.2.1,6st,trial_start,,,,,252
0.4.4-dirty,2017-04-07,13:25:25,11,1,696.4223024175294,jessica,pilot,0.2.1,6st,experiment_start,,,,,10
0.4.4-dirty,2017-04-07,13:25:25,11,1,697.122302531569,jessica,pilot,0.2.1,6st,stimulus,,test,,,9
0.4.4-dirty,2017-04-07,13:25:25,11,1,699.1474534347071,jessica,pilot,0.2.1,6st,stream_1,,test,,,1
0.4.4-dirty,2017-04-07,13:25:25,12,2,699.2223624594731,jessica,pilot,0.2.1,6st,trial_start,,,,,252
0.4.4-dirty,2017-04-07,13:25:25,12,2,699.2657905180486,jessica,pilot,0.2.1,6st,stream_1_up,,test,,,3
0.4.4-dirty,2017-04-07,13:25:25,12,2,699.9344778745722,jessica,pilot,0.2.1,6st,stimulus,,test,,,9
0.4.4-dirty,2017-04-07,13:25:25,12,2,701.7874375489655,jessica,pilot,0.2.1,6st,stream_1,,test,,,1
0.4.4-dirty,2017-04-07,13:25:25,12,2,701.8889246847084,jessica,pilot,0.2.1,6st,stream_1_up,,test,,,3
0.4.4-dirty,2017-04-07,13:25:25,13,3,702.0345392279733,jessica,pilot,0.2.1,6st,trial_start,,,,,252
0.4.4-dirty,2017-04-07,13:25:25,13,3,702.7456468165228,jessica,pilot,0.2.1,6st,stimulus,,test,,,9
0.4.4-dirty,2017-04-07,13:25:25,13,3,704.2320621129061,jessica,pilot,0.2.1,6st,stream_1,,test,,,1
0.4.4-dirty,2017-04-07,13:25:25,13,3,704.3696972928096,jessica,pilot,0.2.1,6st,stream_1_up,,test,,,3
0.4.4-dirty,2017-04-07,13:25:25,14,4,704.8464380245118,jessica,pilot,0.2.1,6st,trial_start,,,,,252
0.4.4-dirty,2017-04-07,13:25:25,14,4,705.1639090897684,jessica,pilot,0.2.1,6st,stream_1,,test,,,1
0.4.4-dirty,2017-04-07,13:25:25,14,4,705.2692915392745,jessica,pilot,0.2.1,6st,stream_1_up,,test,,,3
0.4.4-dirty,2017-04-07,13:25:25,14,4,705.5556565441152,jessica,pilot,0.2.1,6st,stimulus,,test,,,9
0.4.4-dirty,2017-04-07,13:25:25,14,4,707.2686090111952,jessica,pilot,0.2.1,6st,stream_1,,test,,,1
0.4.4-dirty,2017-04-07,13:25:25,14,4,707.4050365098351,jessica,pilot,0.2.1,6st,stream_1_up,,test,,,3
0.4.4-dirty,2017-04-07,13:25:25,15,5,707.6557110551303,jessica,pilot,0.2.1,6st,trial_start,,,,,252
0.4.4-dirty,2017-04-07,13:25:25,15,5,708.3647970034908,jessica,pilot,0.2.1,6st,stimulus,,test,,,9
0.4.4-dirty,2017-04-07,13:25:25,15,5,709.9920502869809,jessica,pilot,0.2.1,6st,stream_1,,test,,,1
0.4.4-dirty,2017-04-07,13:25:25,15,5,710.0938570192052,jessica,pilot,0.2.1,6st,stream_1_up,,test,,,3
0.4.4-dirty,2017-04-07,13:25:25,16,6,710.4670752902025,jessica,pilot,0.2.1,6st,trial_start,,,,,252
0.4.4-dirty,2017-04-07,13:25:25,16,6,711.1772620075335,jessica,pilot,0.2.1,6st,stimulus,,test,,,9
0.4.4-dirty,2017-04-07,13:25:25,16,6,712.8123789040092,jessica,pilot,0.2.1,6st,stream_1,,test,,,1
0.4.4-dirty,2017-04-07,13:25:25,16,6,712.9652172970973,jessica,pilot,0.2.1,6st,stream_1_up,,test,,,3
0.4.4-dirty,2017-04-07,13:25:25,17,7,713.2773339096143,jessica,pilot,0.2.1,6st,trial_start,,,,,252
0.4.4-dirty,2017-04-07,13:25:25,17,7,713.9860851512221,jessica,pilot,0.2.1,6st,stimulus,,test,,,9
0.4.4-dirty,2017-04-07,13:25:25,17,7,715.6168987566243,jessica,pilot,0.2.1,6st,stream_1,,test,,,1
0.4.4-dirty,2017-04-07,13:25:25,17,7,715.7357262110168,jessica,pilot,0.2.1,6st,stream_1_up,,test,,,3
0.4.4-dirty,2017-04-07,13:25:25,18,8,716.0861442238279,jessica,pilot,0.2.1,6st,trial_start,,,,,252
0.4.4-dirty,2017-04-07,13:25:25,18,8,716.7962006507105,jessica,pilot,0.2.1,6st,stimulus,,test,,,9
0.4.4-dirty,2017-04-07,13:25:25,18,8,718.7491025069362,jessica,pilot,0.2.1,6st,stream_1,,test,,,1
0.4.4-dirty,2017-04-07,13:25:25,18,8,718.8684816287614,jessica,pilot,0.2.1,6st,stream_1_up,,test,,,3
0.4.4-dirty,2017-04-07,13:25:25,19,9,718.896260008416,jessica,pilot,0.2.1,6st,trial_start,,,,,252
0.4.4-dirty,2017-04-07,13:25:25,19,9,719.6098131800331,jessica,pilot,0.2.1,6st,stimulus,,test,,,9
0.4.4-dirty,2017-04-07,13:25:25,19,9,721.2619502284783,jessica,pilot,0.2.1,6st,stream_1,,test,,,1
0.4.4-dirty,2017-04-07,13:25:25,19,9,721.4136080247508,jessica,pilot,0.2.1,6st,stream_1_up,,test,,,3
0.4.4-dirty,2017-04-07,13:25:25,20,10,721.7098708271419,jessica,pilot,0.2.1,6st,trial_start,,,,,252
0.4.4-dirty,2017-04-07,13:25:25,20,10,722.4204258929599,jessica,pilot,0.2.1,6st,stimulus,,test,,,9
0.4.4-dirty,2017-04-07,13:25:25,20,10,723.9999438354084,jessica,pilot,0.2.1,6st,stream_1,,test,,,1
0.4.4-dirty,2017-04-07,13:25:25,20,10,724.1519642781795,jessica,pilot,0.2.1,6st,stream_1_up,,test,,,3
0.4.4-dirty,2017-04-07,13:25:25,21,11,724.520485820864,jessica,pilot,0.2.1,6st,trial_start,,,,,252
0.4.4-dirty,2017-04-07,13:25:25,21,11,725.2295646417383,jessica,pilot,0.2.1,6st,stimulus,,test,,,9
0.4.4-dirty,2017-04-07,13:25:25,21,11,726.9799603597726,jessica,pilot,0.2.1,6st,stream_1,,test,,,1
0.4.4-dirty,2017-04-07,13:25:25,21,11,727.149099028723,jessica,pilot,0.2.1,6st,stream_1_up,,test,,,3
0.4.4-dirty,2017-04-07,13:25:25,22,12,727.3296214335483,jessica,pilot,0.2.1,6st,trial_start,,,,,252
0.4.4-dirty,2017-04-07,13:25:25,22,12,728.0387264835717,jessica,pilot,0.2.1,6st,stimulus,,test,,,9
0.4.4-dirty,2017-04-07,13:25:25,22,12,729.6654911066075,jessica,pilot,0.2.1,6st,stream_1,,test,,,1
0.4.4-dirty,2017-04-07,13:25:25,22,12,729.834102056479,jessica,pilot,0.2.1,6st,stream_1_up,,test,,,3
0.4.4-dirty,2017-04-07,13:25:25,23,13,730.1408214513385,jessica,pilot,0.2.1,6st,trial_start,,,,,252
0.4.4-dirty,2017-04-07,13:25:25,23,13,730.8509594166635,jessica,pilot,0.2.1,6st,stimulus,,test,,,9
0.4.4-dirty,2017-04-07,13:25:25,23,13,732.3791851173523,jessica,pilot,0.2.1,6st,stream_1,,test,,,1
0.4.4-dirty,2017-04-07,13:25:25,23,13,732.5305746350441,jessica,pilot,0.2.1,6st,stream_1_up,,test,,,3
0.4.4-dirty,2017-04-07,13:25:25,24,14,732.9536969985866,jessica,pilot,0.2.1,6st,trial_start,,,,,252
0.4.4-dirty,2017-04-07,13:25:25,24,14,733.6663344307763,jessica,pilot,0.2.1,6st,stimulus,,test,,,9
0.4.4-dirty,2017-04-07,13:25:25,24,14,735.3666051041923,jessica,pilot,0.2.1,6st,stream_1,,test,,,1
0.4.4-dirty,2017-04-07,13:25:25,24,14,735.4688708465287,jessica,pilot,0.2.1,6st,stream_1_up,,test,,,3
0.4.4-dirty,2017-04-07,13:25:25,25,15,735.767781082397,jessica,pilot,0.2.1,6st,trial_start,,,,,252
0.4.4-dirty,2017-04-07,13:25:25,25,15,736.4799164544575,jessica,pilot,0.2.1,6st,stimulus,,test,,,9
0.4.4-dirty,2017-04-07,13:25:25,25,15,738.1651757866175,jessica,pilot,0.2.1,6st,stream_1,,test,,,1
0.4.4-dirty,2017-04-07,13:25:25,25,15,738.2818535911697,jessica,pilot,0.2.1,6st,stream_1_up,,test,,,3
0.4.4-dirty,2017-04-07,13:25:25,26,16,738.5799741015658,jessica,pilot,0.2.1,6st,trial_start,,,,,252
0.4.4-dirty,2017-04-07,13:25:25,26,16,739.2920168163059,jessica,pilot,0.2.1,6st,stimulus,,test,,,9
0.4.4-dirty,2017-04-07,13:25:25,26,16,740.8988926167226,jessica,pilot,0.2.1,6st,stream_1,,test,,,1
0.4.4-dirty,2017-04-07,13:25:25,26,16,741.0524089762989,jessica,pilot,0.2.1,6st,stream_1_up,,test,,,3
0.4.4-dirty,2017-04-07,13:25:25,27,17,741.3920773144087,jessica,pilot,0.2.1,6st,trial_start,,,,,252
0.4.4-dirty,2017-04-07,13:25:25,27,17,742.1022788569107,jessica,pilot,0.2.1,6st,stimulus,,test,,,9
0.4.4-dirty,2017-04-07,13:25:25,27,17,743.7528897680086,jessica,pilot,0.2.1,6st,stream_1,,test,,,1
0.4.4-dirty,2017-04-07,13:25:25,27,17,743.9045974566848,jessica,pilot,0.2.1,6st,stream_1_up,,test,,,3
0.4.4-dirty,2017-04-07,13:25:25,28,18,744.2023362189198,jessica,pilot,0.2.1,6st,trial_start,,,,,252
0.4.4-dirty,2017-04-07,13:25:25,28,18,744.9114854593581,jessica,pilot,0.2.1,6st,stimulus,,test,,,9
0.4.4-dirty,2017-04-07,13:25:25,28,18,746.7027949439321,jessica,pilot,0.2.1,6st,stream_1,,test,,,1
0.4.4-dirty,2017-04-07,13:25:25,28,18,746.8027964264493,jessica,pilot,0.2.1,6st,stream_1_up,,test,,,3
0.4.4-dirty,2017-04-07,13:25:25,29,19,747.0131120087308,jessica,pilot,0.2.1,6st,trial_start,,,,,252
0.4.4-dirty,2017-04-07,13:25:25,29,19,747.7226612436948,jessica,pilot,0.2.1,6st,stimulus,,test,,,9
0.4.4-dirty,2017-04-07,13:25:25,29,19,749.5088905411985,jessica,pilot,0.2.1,6st,stream_1,,test,,,1
0.4.4-dirty,2017-04-07,13:25:25,29,19,749.6764286618459,jessica,pilot,0.2.1,6st,stream_1_up,,test,,,3
0.4.4-dirty,2017-04-07,13:25:25,30,20,749.8239801707628,jessica,pilot,0.2.1,6st,trial_start,,,,,252
0.4.4-dirty,2017-04-07,13:25:25,30,20,750.5326518696252,jessica,pilot,0.2.1,6st,stimulus,,test,,,9
0.4.4-dirty,2017-04-07,13:25:25,30,20,752.1652892561983,jessica,pilot,0.2.1,6st,stream_1,,test,,,1
0.4.4-dirty,2017-04-07,13:25:25,30,20,752.2674235676886,jessica,pilot,0.2.1,6st,stream_1_up,,test,,,3
0.4.4-dirty,2017-04-07,13:25:25,31,21,752.6352922326364,jessica,pilot,0.2.1,6st,trial_start,,,,,252
0.4.4-dirty,2017-04-07,13:25:25,31,21,753.3458381752721,jessica,pilot,0.2.1,6st,stimulus,,test,,,9
0.4.4-dirty,2017-04-07,13:25:25,32,22,755.4476722770437,jessica,pilot,0.2.1,6st,trial_start,,,,,252
0.4.4-dirty,2017-04-07,13:25:25,32,22,755.5252039316351,jessica,pilot,0.2.1,6st,stream_1,,test,,,1
0.4.4-dirty,2017-04-07,13:25:25,32,22,755.6752061554112,jessica,pilot,0.2.1,6st,stream_1_up,,test,,,3
0.4.4-dirty,2017-04-07,13:25:25,32,22,756.157971893756,jessica,pilot,0.2.1,6st,stimulus,,test,,,9
0.4.4-dirty,2017-04-07,13:25:25,32,22,758.0203096294049,jessica,pilot,0.2.1,6st,stream_1,,test,,,1
0.4.4-dirty,2017-04-07,13:25:25,32,22,758.1755987373513,jessica,pilot,0.2.1,6st,stream_1_up,,test,,,3
0.4.4-dirty,2017-04-07,13:25:25,33,23,758.2580323918592,jessica,pilot,0.2.1,6st,trial_start,,,,,252
0.4.4-dirty,2017-04-07,13:25:25,33,23,758.9690364893077,jessica,pilot,0.2.1,6st,stimulus,,test,,,9
0.4.4-dirty,2017-04-07,13:25:25,33,23,760.6899201379424,jessica,pilot,0.2.1,6st,stream_1,,test,,,1
0.4.4-dirty,2017-04-07,13:25:25,33,23,760.8232580138601,jessica,pilot,0.2.1,6st,stream_1_up,,test,,,3
0.4.4-dirty,2017-04-07,13:25:25,34,24,761.0690921407204,jessica,pilot,0.2.1,6st,trial_start,,,,,252
0.4.4-dirty,2017-04-07,13:25:25,34,24,761.7792298209456,jessica,pilot,0.2.1,6st,stimulus,,test,,,9
0.4.4-dirty,2017-04-07,13:25:25,34,24,763.503959461139,jessica,pilot,0.2.1,6st,stream_1,,test,,,1
0.4.4-dirty,2017-04-07,13:25:25,34,24,763.6551938847306,jessica,pilot,0.2.1,6st,stream_1_up,,test,,,3
0.4.4-dirty,2017-04-07,13:25:25,35,25,763.8809641379107,jessica,pilot,0.2.1,6st,trial_start,,,,,252
0.4.4-dirty,2017-04-07,13:25:25,35,25,764.5915787895133,jessica,pilot,0.2.1,6st,stimulus,,test,,,9
0.4.4-dirty,2017-04-07,13:25:25,35,25,766.3202493593813,jessica,pilot,0.2.1,6st,stream_1,,test,,,1
0.4.4-dirty,2017-04-07,13:25:25,35,25,766.4536587952607,jessica,pilot,0.2.1,6st,stream_1_up,,test,,,3
0.4.4-dirty,2017-04-07,13:25:25,36,26,766.6933267912509,jessica,pilot,0.2.1,6st,trial_start,,,,,252
0.4.4-dirty,2017-04-07,13:25:25,36,26,767.4036184251786,jessica,pilot,0.2.1,6st,stimulus,,test,,,9
0.4.4-dirty,2017-04-07,13:25:25,36,26,769.1205320639942,jessica,pilot,0.2.1,6st,stream_1,,test,,,1
0.4.4-dirty,2017-04-07,13:25:25,36,26,769.2739754381123,jessica,pilot,0.2.1,6st,stream_1_up,,test,,,3
0.4.4-dirty,2017-04-07,13:25:25,37,27,769.5036851954701,jessica,pilot,0.2.1,6st,trial_start,,,,,252
0.4.4-dirty,2017-04-07,13:25:25,37,27,770.2151414606442,jessica,pilot,0.2.1,6st,stimulus,,test,,,9
0.4.4-dirty,2017-04-07,13:25:25,37,27,772.039913637675,jessica,pilot,0.2.1,6st,stream_1,,test,,,1
0.4.4-dirty,2017-04-07,13:25:25,37,27,772.1923634402151,jessica,pilot,0.2.1,6st,stream_1_up,,test,,,3
0.4.4-dirty,2017-04-07,13:25:25,38,28,772.3151959716583,jessica,pilot,0.2.1,6st,trial_start,,,,,252
0.4.4-dirty,2017-04-07,13:25:25,38,28,773.0257134043495,jessica,pilot,0.2.1,6st,stimulus,,test,,,9
0.4.4-dirty,2017-04-07,13:25:25,38,28,774.6789902803894,jessica,pilot,0.2.1,6st,stream_1,,test,,,1
0.4.4-dirty,2017-04-07,13:25:25,38,28,774.7963092736009,jessica,pilot,0.2.1,6st,stream_1_up,,test,,,3
0.4.4-dirty,2017-04-07,13:25:25,39,29,775.1257875872266,jessica,pilot,0.2.1,6st,trial_start,,,,,252
0.4.4-dirty,2017-04-07,13:25:25,39,29,775.8396988437503,jessica,pilot,0.2.1,6st,stimulus,,test,,,9
0.4.4-dirty,2017-04-07,13:25:25,39,29,777.571613560242,jessica,pilot,0.2.1,6st,stream_1,,test,,,1
0.4.4-dirty,2017-04-07,13:25:25,39,29,777.7063065138382,jessica,pilot,0.2.1,6st,stream_1_up,,test,,,3
0.4.4-dirty,2017-04-07,13:25:25,40,30,777.9397998259751,jessica,pilot,0.2.1,6st,trial_start,,,,,252
0.4.4-dirty,2017-04-07,13:25:25,40,30,778.6499015836703,jessica,pilot,0.2.1,6st,stimulus,,test,,,9
0.4.4-dirty,2017-04-07,13:25:25,40,30,780.3001660989385,jessica,pilot,0.2.1,6st,stream_1,,test,,,1
0.4.4-dirty,2017-04-07,13:25:25,40,30,780.4356750071556,jessica,pilot,0.2.1,6st,stream_1_up,,test,,,3
0.4.4-dirty,2017-04-07,13:25:25,41,31,780.7499632221711,jessica,pilot,0.2.1,6st,trial_start,,,,,252
0.4.4-dirty,2017-04-07,13:25:25,41,31,781.4590902248519,jessica,pilot,0.2.1,6st,stimulus,,test,,,9
0.4.4-dirty,2017-04-07,13:25:25,41,31,783.0647706032819,jessica,pilot,0.2.1,6st,stream_1,,test,,,1
0.4.4-dirty,2017-04-07,13:25:25,41,31,783.2339891000779,jessica,pilot,0.2.1,6st,stream_1_up,,test,,,3
0.4.4-dirty,2017-04-07,13:25:25,42,32,783.5591504378558,jessica,pilot,0.2.1,6st,trial_start,,,,,252
0.4.4-dirty,2017-04-07,13:25:25,42,32,784.2713582251763,jessica,pilot,0.2.1,6st,stimulus,,test,,,9
0.4.4-dirty,2017-04-07,13:25:25,42,32,785.8853139001944,jessica,pilot,0.2.1,6st,stream_1,,test,,,1
0.4.4-dirty,2017-04-07,13:25:25,42,32,786.0202919532389,jessica,pilot,0.2.1,6st,stream_1_up,,test,,,3
0.4.4-dirty,2017-04-07,13:25:25,43,33,786.3714215742739,jessica,pilot,0.2.1,6st,trial_start,,,,,252
0.4.4-dirty,2017-04-07,13:25:25,43,33,787.0803099487161,jessica,pilot,0.2.1,6st,stimulus,,test,,,9
0.4.4-dirty,2017-04-07,13:25:25,43,33,788.6736554995114,jessica,pilot,0.2.1,6st,stream_1,,test,,,1
0.4.4-dirty,2017-04-07,13:25:25,43,33,788.8585162626428,jessica,pilot,0.2.1,6st,stream_1_up,,test,,,3
0.4.4-dirty,2017-04-07,13:25:25,44,34,789.1803627491345,jessica,pilot,0.2.1,6st,trial_start,,,,,252
0.4.4-dirty,2017-04-07,13:25:25,44,34,789.8894635226661,jessica,pilot,0.2.1,6st,stimulus,,test,,,9
0.4.4-dirty,2017-04-07,13:25:25,44,34,791.6304292913451,jessica,pilot,0.2.1,6st,stream_1,,test,,,1
0.4.4-dirty,2017-04-07,13:25:25,44,34,791.7805404231103,jessica,pilot,0.2.1,6st,stream_1_up,,test,,,3
0.4.4-dirty,2017-04-07,13:25:25,45,35,791.9895200293768,jessica,pilot,0.2.1,6st,trial_start,,,,,252
0.4.4-dirty,2017-04-07,13:25:25,45,35,792.7019727171232,jessica,pilot,0.2.1,6st,stimulus,,test,,,9
0.4.4-dirty,2017-04-07,13:25:25,45,35,794.2762844585445,jessica,pilot,0.2.1,6st,stream_1,,test,,,1
0.4.4-dirty,2017-04-07,13:25:25,45,35,794.4100850508671,jessica,pilot,0.2.1,6st,stream_1_up,,test,,,3
0.4.4-dirty,2017-04-07,13:25:25,46,36,794.8020600145742,jessica,pilot,0.2.1,6st,trial_start,,,,,252
0.4.4-dirty,2017-04-07,13:25:25,46,36,795.5127040314201,jessica,pilot,0.2.1,6st,stimulus,,test,,,9
0.4.4-dirty,2017-04-07,13:25:25,46,36,797.1639173576527,jessica,pilot,0.2.1,6st,stream_1,,test,,,1
0.4.4-dirty,2017-04-07,13:25:25,46,36,797.2976851635385,jessica,pilot,0.2.1,6st,stream_1_up,,test,,,3
0.4.4-dirty,2017-04-07,13:25:25,47,37,797.6127562616389,jessica,pilot,0.2.1,6st,trial_start,,,,,252
0.4.4-dirty,2017-04-07,13:25:25,47,37,798.3254689600826,jessica,pilot,0.2.1,6st,stimulus,,test,,,9
0.4.4-dirty,2017-04-07,13:25:25,47,37,799.9570472022051,jessica,pilot,0.2.1,6st,stream_1,,test,,,1
0.4.4-dirty,2017-04-07,13:25:25,47,37,800.0753905577344,jessica,pilot,0.2.1,6st,stream_1_up,,test,,,3
0.4.4-dirty,2017-04-07,13:25:25,48,38,800.4255294581853,jessica,pilot,0.2.1,6st,trial_start,,,,,252
0.4.4-dirty,2017-04-07,13:25:25,48,38,801.1349392795196,jessica,pilot,0.2.1,6st,stimulus,,test,,,9
0.4.4-dirty,2017-04-07,13:25:25,48,38,802.7130146187592,jessica,pilot,0.2.1,6st,stream_1,,test,,,1
0.4.4-dirty,2017-04-07,13:25:25,48,38,802.8645697792304,jessica,pilot,0.2.1,6st,stream_1_up,,test,,,3
0.4.4-dirty,2017-04-07,13:25:25,49,39,803.235009756103,jessica,pilot,0.2.1,6st,trial_start,,,,,252
0.4.4-dirty,2017-04-07,13:25:25,49,39,803.9470376456716,jessica,pilot,0.2.1,6st,stimulus,,test,,,9
0.4.4-dirty,2017-04-07,13:25:25,49,39,805.09552912747,jessica,pilot,0.2.1,6st,stream_1,,test,,,1
0.4.4-dirty,2017-04-07,13:25:25,49,39,805.2471612647923,jessica,pilot,0.2.1,6st,stream_1_up,,test,,,3
0.4.4-dirty,2017-04-07,13:25:25,50,40,806.0470955778792,jessica,pilot,0.2.1,6st,trial_start,,,,,252
0.4.4-dirty,2017-04-07,13:25:25,50,40,806.7573951945915,jessica,pilot,0.2.1,6st,stimulus,,test,,,9
0.4.4-dirty,2017-04-07,13:25:25,50,40,807.8157453582958,jessica,pilot,0.2.1,6st,stream_1,,test,,,1
0.4.4-dirty,2017-04-07,13:25:25,50,40,807.9842736293272,jessica,pilot,0.2.1,6st,stream_1_up,,test,,,3
0.4.4-dirty,2017-04-07,13:25:25,51,41,808.8601210874372,jessica,pilot,0.2.1,6st,trial_start,,,,,252
0.4.4-dirty,2017-04-07,13:25:25,51,41,809.5711916130581,jessica,pilot,0.2.1,6st,stimulus,,test,,,9
0.4.4-dirty,2017-04-07,13:25:25,51,41,811.2780244204782,jessica,pilot,0.2.1,6st,stream_1,,test,,,1
0.4.4-dirty,2017-04-07,13:25:25,51,41,811.3780261880947,jessica,pilot,0.2.1,6st,stream_1_up,,test,,,3
0.4.4-dirty,2017-04-07,13:25:25,52,42,811.6712481197687,jessica,pilot,0.2.1,6st,trial_start,,,,,252
0.4.4-dirty,2017-04-07,13:25:25,52,42,812.381411458945,jessica,pilot,0.2.1,6st,stimulus,,test,,,9
0.4.4-dirty,2017-04-07,13:25:25,52,42,814.1398016506114,jessica,pilot,0.2.1,6st,stream_1,,test,,,1
0.4.4-dirty,2017-04-07,13:25:25,52,42,814.2757507523775,jessica,pilot,0.2.1,6st,stream_1_up,,test,,,3
0.4.4-dirty,2017-04-07,13:25:25,53,43,814.4814625487661,jessica,pilot,0.2.1,6st,trial_start,,,,,252
0.4.4-dirty,2017-04-07,13:25:25,53,43,815.1915534726827,jessica,pilot,0.2.1,6st,stimulus,,test,,,9
0.4.4-dirty,2017-04-07,13:25:25,53,43,816.9406847746632,jessica,pilot,0.2.1,6st,stream_1,,test,,,1
0.4.4-dirty,2017-04-07,13:25:25,53,43,817.074179170178,jessica,pilot,0.2.1,6st,stream_1_up,,test,,,3
0.4.4-dirty,2017-04-07,13:25:25,54,44,817.2930249279552,jessica,pilot,0.2.1,6st,trial_start,,,,,252
0.4.4-dirty,2017-04-07,13:25:25,54,44,818.0041008704657,jessica,pilot,0.2.1,6st,stimulus,,test,,,9
0.4.4-dirty,2017-04-07,13:25:25,54,44,819.6805922541898,jessica,pilot,0.2.1,6st,stream_1,,test,,,1
0.4.4-dirty,2017-04-07,13:25:25,54,44,819.7988854322161,jessica,pilot,0.2.1,6st,stream_1_up,,test,,,3
0.4.4-dirty,2017-04-07,13:25:25,55,45,820.104197861298,jessica,pilot,0.2.1,6st,trial_start,,,,,252
0.4.4-dirty,2017-04-07,13:25:25,55,45,820.8127652137618,jessica,pilot,0.2.1,6st,stimulus,,test,,,9
0.4.4-dirty,2017-04-07,13:25:25,55,45,822.7611924341445,jessica,pilot,0.2.1,6st,stream_1,,test,,,1
0.4.4-dirty,2017-04-07,13:25:25,55,45,822.8980549945431,jessica,pilot,0.2.1,6st,stream_1_up,,test,,,3
0.4.4-dirty,2017-04-07,13:25:25,56,46,822.9128168737816,jessica,pilot,0.2.1,6st,trial_start,,,,,252
0.4.4-dirty,2017-04-07,13:25:25,56,46,823.6219552804405,jessica,pilot,0.2.1,6st,stimulus,,test,,,9
0.4.4-dirty,2017-04-07,13:25:25,57,47,825.7220154934444,jessica,pilot,0.2.1,6st,trial_start,,,,,252
0.4.4-dirty,2017-04-07,13:25:25,57,47,826.4329289292691,jessica,pilot,0.2.1,6st,stimulus,,test,,,9
0.4.4-dirty,2017-04-07,13:25:25,57,47,828.2770325594975,jessica,pilot,0.2.1,6st,stream_1,,test,,,1
0.4.4-dirty,2017-04-07,13:25:25,57,47,828.394054479083,jessica,pilot,0.2.1,6st,stream_1_up,,test,,,3
0.4.4-dirty,2017-04-07,13:25:25,58,48,828.5329803041896,jessica,pilot,0.2.1,6st,trial_start,,,,,252
0.4.4-dirty,2017-04-07,13:25:25,58,48,829.2431946761667,jessica,pilot,0.2.1,6st,stimulus,,test,,,9
0.4.4-dirty,2017-04-07,13:25:25,58,48,831.0576225899117,jessica,pilot,0.2.1,6st,stream_1,,test,,,1
0.4.4-dirty,2017-04-07,13:25:25,58,48,831.2254078917808,jessica,pilot,0.2.1,6st,stream_1_up,,test,,,3
0.4.4-dirty,2017-04-07,13:25:25,59,49,831.3432531785734,jessica,pilot,0.2.1,6st,trial_start,,,,,252
0.4.4-dirty,2017-04-07,13:25:25,59,49,832.0556693735907,jessica,pilot,0.2.1,6st,stimulus,,test,,,9
0.4.4-dirty,2017-04-07,13:25:25,59,49,833.5959795845984,jessica,pilot,0.2.1,6st,stream_1,,test,,,1
0.4.4-dirty,2017-04-07,13:25:25,59,49,833.7340375669842,jessica,pilot,0.2.1,6st,stream_1_up,,test,,,3
0.4.4-dirty,2017-04-07,13:25:25,60,50,834.1557267355997,jessica,pilot,0.2.1,6st,trial_start,,,,,252
0.4.4-dirty,2017-04-07,13:25:25,60,50,834.8664095259705,jessica,pilot,0.2.1,6st,stimulus,,test,,,9
0.4.4-dirty,2017-04-07,13:25:25,60,50,836.6887412517231,jessica,pilot,0.2.1,6st,stream_1,,test,,,1
0.4.4-dirty,2017-04-07,13:25:25,60,50,836.8065873938144,jessica,pilot,0.2.1,6st,stream_1_up,,test,,,3
0.4.4-dirty,2017-04-07,13:25:25,61,51,836.9664785770574,jessica,pilot,0.2.1,6st,trial_start,,,,,252
0.4.4-dirty,2017-04-07,13:25:25,61,51,837.6775887315011,jessica,pilot,0.2.1,6st,stimulus,,test,,,9
0.4.4-dirty,2017-04-07,13:25:25,61,51,839.3504721817062,jessica,pilot,0.2.1,6st,stream_1,,test,,,1
0.4.4-dirty,2017-04-07,13:25:25,61,51,839.5027021725718,jessica,pilot,0.2.1,6st,stream_1_up,,test,,,3
0.4.4-dirty,2017-04-07,13:25:25,62,52,839.7791257596473,jessica,pilot,0.2.1,6st,trial_start,,,,,252
0.4.4-dirty,2017-04-07,13:25:25,62,52,840.4891761994418,jessica,pilot,0.2.1,6st,stimulus,,test,,,9
0.4.4-dirty,2017-04-07,13:25:25,62,52,842.029347281919,jessica,pilot,0.2.1,6st,stream_1,,test,,,1
0.4.4-dirty,2017-04-07,13:25:25,62,52,842.1847395958657,jessica,pilot,0.2.1,6st,stream_1_up,,test,,,3
0.4.4-dirty,2017-04-07,13:25:25,63,53,842.5904152986645,jessica,pilot,0.2.1,6st,trial_start,,,,,252
0.4.4-dirty,2017-04-07,13:25:25,63,53,843.2987534311719,jessica,pilot,0.2.1,6st,stimulus,,test,,,9
0.4.4-dirty,2017-04-07,13:25:25,63,53,845.3369798503113,jessica,pilot,0.2.1,6st,stream_1,,test,,,1
0.4.4-dirty,2017-04-07,13:25:25,64,54,845.4000458439914,jessica,pilot,0.2.1,6st,trial_start,,,,,252
0.4.4-dirty,2017-04-07,13:25:25,64,54,845.4432392657204,jessica,pilot,0.2.1,6st,stream_1_up,,test,,,3
0.4.4-dirty,2017-04-07,13:25:25,64,54,846.1099032714587,jessica,pilot,0.2.1,6st,stimulus,,test,,,9
0.4.4-dirty,2017-04-07,13:25:25,64,54,848.0746330484999,jessica,pilot,0.2.1,6st,stream_1,,test,,,1
0.4.4-dirty,2017-04-07,13:25:25,65,55,848.2099631993628,jessica,pilot,0.2.1,6st,trial_start,,,,,252
0.4.4-dirty,2017-04-07,13:25:25,65,55,848.2099631993628,jessica,pilot,0.2.1,6st,stream_1_up,,test,,,3
0.4.4-dirty,2017-04-07,13:25:25,65,55,848.930120699702,jessica,pilot,0.2.1,6st,stimulus,,test,,,9
0.4.4-dirty,2017-04-07,13:25:25,65,55,850.6611108386828,jessica,pilot,0.2.1,6st,stream_1,,test,,,1
0.4.4-dirty,2017-04-07,13:25:25,65,55,850.7799462758599,jessica,pilot,0.2.1,6st,stream_1_up,,test,,,3
0.4.4-dirty,2017-04-07,13:25:25,66,56,851.0301783468108,jessica,pilot,0.2.1,6st,trial_start,,,,,252
0.4.4-dirty,2017-04-07,13:25:25,66,56,851.7401834557932,jessica,pilot,0.2.1,6st,stimulus,,test,,,9
0.4.4-dirty,2017-04-07,13:25:25,66,56,853.3534146931129,jessica,pilot,0.2.1,6st,stream_1,,test,,,1
0.4.4-dirty,2017-04-07,13:25:25,66,56,853.5039902518797,jessica,pilot,0.2.1,6st,stream_1_up,,test,,,3
0.4.4-dirty,2017-04-07,13:25:25,67,57,853.8416058739608,jessica,pilot,0.2.1,6st,trial_start,,,,,252
0.4.4-dirty,2017-04-07,13:25:25,67,57,854.5535704714516,jessica,pilot,0.2.1,6st,stimulus,,test,,,9
0.4.4-dirty,2017-04-07,13:25:25,67,57,856.1858606068968,jessica,pilot,0.2.1,6st,stream_1,,test,,,1
0.4.4-dirty,2017-04-07,13:25:25,67,57,856.3220791276412,jessica,pilot,0.2.1,6st,stream_1_up,,test,,,3
0.4.4-dirty,2017-04-07,13:25:25,68,58,856.6536301142564,jessica,pilot,0.2.1,6st,trial_start,,,,,252
0.4.4-dirty,2017-04-07,13:25:25,68,58,857.36239390024,jessica,pilot,0.2.1,6st,stimulus,,test,,,9
0.4.4-dirty,2017-04-07,13:25:25,68,58,858.9336784557186,jessica,pilot,0.2.1,6st,stream_1,,test,,,1
0.4.4-dirty,2017-04-07,13:25:25,68,58,859.0843840198336,jessica,pilot,0.2.1,6st,stream_1_up,,test,,,3
0.4.4-dirty,2017-04-07,13:25:25,69,59,859.46245069205,jessica,pilot,0.2.1,6st,trial_start,,,,,252
0.4.4-dirty,2017-04-07,13:25:25,69,59,860.1727280710056,jessica,pilot,0.2.1,6st,stimulus,,test,,,9
0.4.4-dirty,2017-04-07,13:25:25,69,59,861.809949856709,jessica,pilot,0.2.1,6st,stream_1,,test,,,1
0.4.4-dirty,2017-04-07,13:25:25,69,59,861.961849702413,jessica,pilot,0.2.1,6st,stream_1_up,,test,,,3
0.4.4-dirty,2017-04-07,13:25:25,70,60,862.2727882840086,jessica,pilot,0.2.1,6st,trial_start,,,,,252
0.4.4-dirty,2017-04-07,13:25:25,70,60,862.9816689607669,jessica,pilot,0.2.1,6st,stimulus,,test,,,9
0.4.4-dirty,2017-04-07,13:25:25,70,60,864.6562088387668,jessica,pilot,0.2.1,6st,stream_1,,test,,,1
0.4.4-dirty,2017-04-07,13:25:25,70,60,864.7755976539734,jessica,pilot,0.2.1,6st,stream_1_up,,test,,,3
0.4.4-dirty,2017-04-07,13:25:25,71,61,865.0817277482729,jessica,pilot,0.2.1,6st,trial_start,,,,,252
0.4.4-dirty,2017-04-07,13:25:25,71,61,865.7934531473265,jessica,pilot,0.2.1,6st,stimulus,,test,,,9
0.4.4-dirty,2017-04-07,13:25:25,71,61,867.5034314569607,jessica,pilot,0.2.1,6st,stream_1,,test,,,1
0.4.4-dirty,2017-04-07,13:25:25,71,61,867.5867663108243,jessica,pilot,0.2.1,6st,stream_1_up,,test,,,3
0.4.4-dirty,2017-04-07,13:25:25,72,62,867.893524764308,jessica,pilot,0.2.1,6st,trial_start,,,,,252
0.4.4-dirty,2017-04-07,13:25:25,72,62,868.603956382065,jessica,pilot,0.2.1,6st,stimulus,,test,,,9
0.4.4-dirty,2017-04-07,13:25:25,73,63,870.7040054761901,jessica,pilot,0.2.1,6st,trial_start,,,,,252
0.4.4-dirty,2017-04-07,13:25:25,73,63,871.1011843601282,jessica,pilot,0.2.1,6st,stream_1,,test,,,1
0.4.4-dirty,2017-04-07,13:25:25,73,63,871.2678540678558,jessica,pilot,0.2.1,6st,stream_1_up,,test,,,3
0.4.4-dirty,2017-04-07,13:25:25,73,63,871.4151740760208,jessica,pilot,0.2.1,6st,stimulus,,test,,,9
0.4.4-dirty,2017-04-07,13:25:25,73,63,873.3217102089548,jessica,pilot,0.2.1,6st,stream_1,,test,,,1
0.4.4-dirty,2017-04-07,13:25:25,73,63,873.4583424089988,jessica,pilot,0.2.1,6st,stream_1_up,,test,,,3
0.4.4-dirty,2017-04-07,13:25:25,74,64,873.5167977743995,jessica,pilot,0.2.1,6st,trial_start,,,,,252
0.4.4-dirty,2017-04-07,13:25:25,74,64,874.227145287819,jessica,pilot,0.2.1,6st,stimulus,,test,,,9
0.4.4-dirty,2017-04-07,13:25:25,74,64,875.9396051030517,jessica,pilot,0.2.1,6st,stream_1,,test,,,1
0.4.4-dirty,2017-04-07,13:25:25,74,64,876.0744508699522,jessica,pilot,0.2.1,6st,stream_1_up,,test,,,3
0.4.4-dirty,2017-04-07,13:25:25,75,65,876.3272012243315,jessica,pilot,0.2.1,6st,trial_start,,,,,252
0.4.4-dirty,2017-04-07,13:25:25,75,65,877.0364938697917,jessica,pilot,0.2.1,6st,stimulus,,test,,,9
0.4.4-dirty,2017-04-07,13:25:25,75,65,878.7683464346032,jessica,pilot,0.2.1,6st,stream_1,,test,,,1
0.4.4-dirty,2017-04-07,13:25:25,75,65,878.9044896890932,jessica,pilot,0.2.1,6st,stream_1_up,,test,,,3
0.4.4-dirty,2017-04-07,13:25:25,76,66,879.1365520870986,jessica,pilot,0.2.1,6st,trial_start,,,,,252
0.4.4-dirty,2017-04-07,13:25:25,76,66,879.8454130919945,jessica,pilot,0.2.1,6st,stimulus,,test,,,9
0.4.4-dirty,2017-04-07,13:25:25,76,66,881.5802135851027,jessica,pilot,0.2.1,6st,stream_1,,test,,,1
0.4.4-dirty,2017-04-07,13:25:25,76,66,881.7717562240059,jessica,pilot,0.2.1,6st,stream_1_up,,test,,,3
0.4.4-dirty,2017-04-07,13:25:25,77,67,881.9470590281298,jessica,pilot,0.2.1,6st,trial_start,,,,,252
0.4.4-dirty,2017-04-07,13:25:25,77,67,882.6583844326578,jessica,pilot,0.2.1,6st,stimulus,,test,,,9
0.4.4-dirty,2017-04-07,13:25:25,77,67,884.4919835737101,jessica,pilot,0.2.1,6st,stream_1,,test,,,1
0.4.4-dirty,2017-04-07,13:25:25,77,67,884.6105119587814,jessica,pilot,0.2.1,6st,stream_1_up,,test,,,3
0.4.4-dirty,2017-04-07,13:25:25,78,68,884.7584486370533,jessica,pilot,0.2.1,6st,trial_start,,,,,252
0.4.4-dirty,2017-04-07,13:25:25,78,68,885.4679157633759,jessica,pilot,0.2.1,6st,stimulus,,test,,,9
0.4.4-dirty,2017-04-07,13:25:25,78,68,887.4548679020213,jessica,pilot,0.2.1,6st,stream_1,,test,,,1
0.4.4-dirty,2017-04-07,13:25:25,79,69,887.5679759763798,jessica,pilot,0.2.1,6st,trial_start,,,,,252
0.4.4-dirty,2017-04-07,13:25:25,79,69,887.6121096560901,jessica,pilot,0.2.1,6st,stream_1_up,,test,,,3
0.4.4-dirty,2017-04-07,13:25:25,79,69,888.2787725214307,jessica,pilot,0.2.1,6st,stimulus,,test,,,9
0.4.4-dirty,2017-04-07,13:25:25,79,69,890.1574701187265,jessica,pilot,0.2.1,6st,stream_1,,test,,,1
0.4.4-dirty,2017-04-07,13:25:25,79,69,890.3263630319525,jessica,pilot,0.2.1,6st,stream_1_up,,test,,,3
0.4.4-dirty,2017-04-07,13:25:25,80,70,890.3788310238378,jessica,pilot,0.2.1,6st,trial_start,,,,,252
0.4.4-dirty,2017-04-07,13:25:25,80,70,891.0911890585671,jessica,pilot,0.2.1,6st,stimulus,,test,,,9
0.4.4-dirty,2017-04-07,13:25:25,80,70,893.0304440594969,jessica,pilot,0.2.1,6st,stream_1,,test,,,1
0.4.4-dirty,2017-04-07,13:25:25,80,70,893.1835501609671,jessica,pilot,0.2.1,6st,stream_1_up,,test,,,3
0.4.4-dirty,2017-04-07,13:25:25,80,70,893.1962345205252,jessica,pilot,0.2.1,6st,high_latency,,,,0.005045461958047781,12
0.4.4-dirty,2017-04-07,13:25:25,81,71,893.2070885416247,jessica,pilot,0.2.1,6st,trial_start,,,,,252
0.4.4-dirty,2017-04-07,13:25:25,81,71,893.9193664634095,jessica,pilot,0.2.1,6st,stimulus,,test,,,9
0.4.4-dirty,2017-04-07,13:25:25,82,72,896.0213491019936,jessica,pilot,0.2.1,6st,trial_start,,,,,252
0.4.4-dirty,2017-04-07,13:25:25,82,72,896.6901921228159,jessica,pilot,0.2.1,6st,stream_1,,test,,,1
0.4.4-dirty,2017-04-07,13:25:25,82,72,896.7344948664991,jessica,pilot,0.2.1,6st,stimulus,,test,,,9
0.4.4-dirty,2017-04-07,13:25:25,82,72,896.8082934289137,jessica,pilot,0.2.1,6st,stream_1_up,,test,,,3
0.4.4-dirty,2017-04-07,13:25:25,82,72,898.4771755083607,jessica,pilot,0.2.1,6st,stream_1,,test,,,1
0.4.4-dirty,2017-04-07,13:25:25,82,72,898.5988137582149,jessica,pilot,0.2.1,6st,stream_1_up,,test,,,3
0.4.4-dirty,2017-04-07,13:25:25,83,73,898.8345573602983,jessica,pilot,0.2.1,6st,trial_start,,,,,252
0.4.4-dirty,2017-04-07,13:25:25,83,73,899.5432914959397,jessica,pilot,0.2.1,6st,stimulus,,test,,,9
0.4.4-dirty,2017-04-07,13:25:25,84,74,901.643349143048,jessica,pilot,0.2.1,6st,trial_start,,,,,252
0.4.4-dirty,2017-04-07,13:25:25,84,74,901.8403123777634,jessica,pilot,0.2.1,6st,stream_1,,test,,,1
0.4.4-dirty,2017-04-07,13:25:25,84,74,901.9773853415545,jessica,pilot,0.2.1,6st,stream_1_up,,test,,,3
0.4.4-dirty,2017-04-07,13:25:25,84,74,902.353458598428,jessica,pilot,0.2.1,6st,stimulus,,test,,,9
0.4.4-dirty,2017-04-07,13:25:25,84,74,904.1524614916175,jessica,pilot,0.2.1,6st,stream_1,,test,,,1
0.4.4-dirty,2017-04-07,13:25:25,84,74,904.3063481953773,jessica,pilot,0.2.1,6st,stream_1_up,,test,,,3
0.4.4-dirty,2017-04-07,13:25:25,85,75,904.4535171008347,jessica,pilot,0.2.1,6st,trial_start,,,,,252
0.4.4-dirty,2017-04-07,13:25:25,85,75,905.1654249635358,jessica,pilot,0.2.1,6st,stimulus,,test,,,9
0.4.4-dirty,2017-04-07,13:25:25,85,75,906.8327655102653,jessica,pilot,0.2.1,6st,stream_1,,test,,,1
0.4.4-dirty,2017-04-07,13:25:25,85,75,906.9501788713937,jessica,pilot,0.2.1,6st,stream_1_up,,test,,,3
0.4.4-dirty,2017-04-07,13:25:25,86,75,907.2676986886563,jessica,pilot,0.2.1,6st,break_start,,,,,253
0.4.4-dirty,2017-04-07,13:25:25,86,75,907.278659622049,jessica,pilot,0.2.1,6st,instructions,,,,,13
0.4.4-dirty,2017-04-07,13:25:25,87,76,1085.0865276825866,jessica,pilot,0.2.1,6st,trial_start,,,,,252
0.4.4-dirty,2017-04-07,13:25:25,87,76,1085.0958615534269,jessica,pilot,0.2.1,6st,block_start,,,,,11
0.4.4-dirty,2017-04-07,13:25:25,87,76,1085.7958616674669,jessica,pilot,0.2.1,6st,stimulus,,test,,,9
0.4.4-dirty,2017-04-07,13:25:25,87,76,1087.7533710158777,jessica,pilot,0.2.1,6st,stream_1,,test,,,1
0.4.4-dirty,2017-04-07,13:25:25,87,76,1087.8700508161255,jessica,pilot,0.2.1,6st,stream_1_up,,test,,,3
0.4.4-dirty,2017-04-07,13:25:25,88,77,1087.8959167486805,jessica,pilot,0.2.1,6st,trial_start,,,,,252
0.4.4-dirty,2017-04-07,13:25:25,88,77,1088.6049505238411,jessica,pilot,0.2.1,6st,stimulus,,test,,,9
0.4.4-dirty,2017-04-07,13:25:25,88,77,1090.4421564580157,jessica,pilot,0.2.1,6st,stream_1,,test,,,1
0.4.4-dirty,2017-04-07,13:25:25,88,77,1090.594254162737,jessica,pilot,0.2.1,6st,stream_1_up,,test,,,3
0.4.4-dirty,2017-04-07,13:25:25,89,78,1090.7059105107041,jessica,pilot,0.2.1,6st,trial_start,,,,,252
0.4.4-dirty,2017-04-07,13:25:25,89,78,1091.4147883364676,jessica,pilot,0.2.1,6st,stimulus,,test,,,9
0.4.4-dirty,2017-04-07,13:25:25,89,78,1093.0703183534479,jessica,pilot,0.2.1,6st,stream_1,,test,,,1
0.4.4-dirty,2017-04-07,13:25:25,89,78,1093.2376209819508,jessica,pilot,0.2.1,6st,stream_1_up,,test,,,3
0.4.4-dirty,2017-04-07,13:25:25,90,79,1093.5148456984762,jessica,pilot,0.2.1,6st,trial_start,,,,,252
0.4.4-dirty,2017-04-07,13:25:25,90,79,1094.2240693498707,jessica,pilot,0.2.1,6st,stimulus,,test,,,9
0.4.4-dirty,2017-04-07,13:25:25,90,79,1095.9466188345818,jessica,pilot,0.2.1,6st,stream_1,,test,,,1
0.4.4-dirty,2017-04-07,13:25:25,90,79,1096.1141190370022,jessica,pilot,0.2.1,6st,stream_1_up,,test,,,3
0.4.4-dirty,2017-04-07,13:25:25,91,80,1096.3241258565808,jessica,pilot,0.2.1,6st,trial_start,,,,,252
0.4.4-dirty,2017-04-07,13:25:25,91,80,1097.0350438539972,jessica,pilot,0.2.1,6st,stimulus,,test,,,9
0.4.4-dirty,2017-04-07,13:25:25,91,80,1098.7240488227103,jessica,pilot,0.2.1,6st,stream_1,,test,,,1
0.4.4-dirty,2017-04-07,13:25:25,91,80,1098.8750668558205,jessica,pilot,0.2.1,6st,stream_1_up,,test,,,3
0.4.4-dirty,2017-04-07,13:25:25,92,81,1099.1351111944864,jessica,pilot,0.2.1,6st,trial_start,,,,,252
0.4.4-dirty,2017-04-07,13:25:25,92,81,1099.8461916985884,jessica,pilot,0.2.1,6st,stimulus,,test,,,9
0.4.4-dirty,2017-04-07,13:25:25,92,81,1101.6010743117413,jessica,pilot,0.2.1,6st,stream_1,,test,,,1
0.4.4-dirty,2017-04-07,13:25:25,92,81,1101.7367172166992,jessica,pilot,0.2.1,6st,stream_1_up,,test,,,3
0.4.4-dirty,2017-04-07,13:25:25,93,82,1101.9462493456967,jessica,pilot,0.2.1,6st,trial_start,,,,,252
0.4.4-dirty,2017-04-07,13:25:25,93,82,1102.6574515872626,jessica,pilot,0.2.1,6st,stimulus,,test,,,9
0.4.4-dirty,2017-04-07,13:25:25,93,82,1104.3373858319255,jessica,pilot,0.2.1,6st,stream_1,,test,,,1
0.4.4-dirty,2017-04-07,13:25:25,93,82,1104.437394441929,jessica,pilot,0.2.1,6st,stream_1_up,,test,,,3
0.4.4-dirty,2017-04-07,13:25:25,94,83,1104.7575086641723,jessica,pilot,0.2.1,6st,trial_start,,,,,252
0.4.4-dirty,2017-04-07,13:25:25,94,83,1105.466390196228,jessica,pilot,0.2.1,6st,stimulus,,test,,,9
0.4.4-dirty,2017-04-07,13:25:25,94,83,1107.3714971256272,jessica,pilot,0.2.1,6st,stream_1,,test,,,1
0.4.4-dirty,2017-04-07,13:25:25,94,83,1107.5242063686655,jessica,pilot,0.2.1,6st,stream_1_up,,test,,,3
0.4.4-dirty,2017-04-07,13:25:25,94,83,1107.631357860249,jessica,pilot,0.2.1,6st,high_latency,,,,0.0649676640209691,12
0.4.4-dirty,2017-04-07,13:25:25,95,84,1107.6451338655947,jessica,pilot,0.2.1,6st,trial_start,,,,,252
0.4.4-dirty,2017-04-07,13:25:25,95,84,1108.355976026557,jessica,pilot,0.2.1,6st,stimulus,,test,,,9
0.4.4-dirty,2017-04-07,13:25:25,95,84,1110.0806432299714,jessica,pilot,0.2.1,6st,stream_1,,test,,,1
0.4.4-dirty,2017-04-07,13:25:25,95,84,1110.231054286356,jessica,pilot,0.2.1,6st,stream_1_up,,test,,,3
0.4.4-dirty,2017-04-07,13:25:25,96,85,1110.4560590475166,jessica,pilot,0.2.1,6st,trial_start,,,,,252
0.4.4-dirty,2017-04-07,13:25:25,96,85,1111.1656906762214,jessica,pilot,0.2.1,6st,stimulus,,test,,,9
0.4.4-dirty,2017-04-07,13:25:25,96,85,1112.7910189682361,jessica,pilot,0.2.1,6st,stream_1,,test,,,1
0.4.4-dirty,2017-04-07,13:25:25,96,85,1112.9414171951457,jessica,pilot,0.2.1,6st,stream_1_up,,test,,,3
0.4.4-dirty,2017-04-07,13:25:25,97,86,1113.2683070908793,jessica,pilot,0.2.1,6st,trial_start,,,,,252
0.4.4-dirty,2017-04-07,13:25:25,97,86,1113.9788615864982,jessica,pilot,0.2.1,6st,stimulus,,test,,,9
0.4.4-dirty,2017-04-07,13:25:25,97,86,1115.533906877397,jessica,pilot,0.2.1,6st,stream_1,,test,,,1
0.4.4-dirty,2017-04-07,13:25:25,97,86,1115.6864615965342,jessica,pilot,0.2.1,6st,stream_1_up,,test,,,3
0.4.4-dirty,2017-04-07,13:25:25,98,87,1116.0789135316177,jessica,pilot,0.2.1,6st,trial_start,,,,,252
0.4.4-dirty,2017-04-07,13:25:25,98,87,1116.7901499851178,jessica,pilot,0.2.1,6st,stimulus,,test,,,9
0.4.4-dirty,2017-04-07,13:25:25,98,87,1118.446065171453,jessica,pilot,0.2.1,6st,stream_1,,test,,,1
0.4.4-dirty,2017-04-07,13:25:25,98,87,1118.564880936768,jessica,pilot,0.2.1,6st,stream_1_up,,test,,,3
0.4.4-dirty,2017-04-07,13:25:25,99,88,1118.8902478312484,jessica,pilot,0.2.1,6st,trial_start,,,,,252
0.4.4-dirty,2017-04-07,13:25:25,99,88,1119.6010198577465,jessica,pilot,0.2.1,6st,stimulus,,test,,,9
0.4.4-dirty,2017-04-07,13:25:25,99,88,1121.2833056026602,jessica,pilot,0.2.1,6st,stream_1,,test,,,1
0.4.4-dirty,2017-04-07,13:25:25,99,88,1121.4333229367066,jessica,pilot,0.2.1,6st,stream_1_up,,test,,,3
0.4.4-dirty,2017-04-07,13:25:25,100,89,1121.7010780750543,jessica,pilot,0.2.1,6st,trial_start,,,,,252
0.4.4-dirty,2017-04-07,13:25:25,100,89,1122.4121585791554,jessica,pilot,0.2.1,6st,stimulus,,test,,,9
0.4.4-dirty,2017-04-07,13:25:25,100,89,1124.0716600314522,jessica,pilot,0.2.1,6st,stream_1,,test,,,1
0.4.4-dirty,2017-04-07,13:25:25,100,89,1124.2050007583643,jessica,pilot,0.2.1,6st,stream_1_up,,test,,,3
0.4.4-dirty,2017-04-07,13:25:25,101,90,1124.5126595559063,jessica,pilot,0.2.1,6st,trial_start,,,,,252
0.4.4-dirty,2017-04-07,13:25:25,101,90,1125.2214344607683,jessica,pilot,0.2.1,6st,stimulus,,test,,,9
0.4.4-dirty,2017-04-07,13:25:25,101,90,1127.171375844322,jessica,pilot,0.2.1,6st,stream_1,,test,,,1
0.4.4-dirty,2017-04-07,13:25:25,102,91,1127.3214963843689,jessica,pilot,0.2.1,6st,trial_start,,,,,252
0.4.4-dirty,2017-04-07,13:25:25,102,91,1127.3214963843689,jessica,pilot,0.2.1,6st,stream_1_up,,test,,,3
0.4.4-dirty,2017-04-07,13:25:25,102,91,1128.0427549387778,jessica,pilot,0.2.1,6st,stimulus,,test,,,9
0.4.4-dirty,2017-04-07,13:25:25,102,91,1129.7399109007201,jessica,pilot,0.2.1,6st,stream_1,,test,,,1
0.4.4-dirty,2017-04-07,13:25:25,102,91,1129.8899134095955,jessica,pilot,0.2.1,6st,stream_1_up,,test,,,3
0.4.4-dirty,2017-04-07,13:25:25,103,92,1130.1428148666819,jessica,pilot,0.2.1,6st,trial_start,,,,,252
0.4.4-dirty,2017-04-07,13:25:25,103,92,1130.852752692194,jessica,pilot,0.2.1,6st,stimulus,,test,,,9
0.4.4-dirty,2017-04-07,13:25:25,103,92,1132.57036368426,jessica,pilot,0.2.1,6st,stream_1,,test,,,1
0.4.4-dirty,2017-04-07,13:25:25,103,92,1132.7060396607544,jessica,pilot,0.2.1,6st,stream_1_up,,test,,,3
0.4.4-dirty,2017-04-07,13:25:25,104,93,1132.9528248793745,jessica,pilot,0.2.1,6st,trial_start,,,,,252
0.4.4-dirty,2017-04-07,13:25:25,104,93,1133.663648508873,jessica,pilot,0.2.1,6st,stimulus,,test,,,9
0.4.4-dirty,2017-04-07,13:25:25,104,93,1135.4770392308242,jessica,pilot,0.2.1,6st,stream_1,,test,,,1
0.4.4-dirty,2017-04-07,13:25:25,104,93,1135.6103751110459,jessica,pilot,0.2.1,6st,stream_1_up,,test,,,3
0.4.4-dirty,2017-04-07,13:25:25,105,94,1135.7637041602852,jessica,pilot,0.2.1,6st,trial_start,,,,,252
0.4.4-dirty,2017-04-07,13:25:25,105,94,1136.4753437444047,jessica,pilot,0.2.1,6st,stimulus,,test,,,9
0.4.4-dirty,2017-04-07,13:25:25,105,94,1138.096433177821,jessica,pilot,0.2.1,6st,stream_1,,test,,,1
0.4.4-dirty,2017-04-07,13:25:25,105,94,1138.214934763544,jessica,pilot,0.2.1,6st,stream_1_up,,test,,,3
0.4.4-dirty,2017-04-07,13:25:25,106,95,1138.575398540519,jessica,pilot,0.2.1,6st,trial_start,,,,,252
0.4.4-dirty,2017-04-07,13:25:25,106,95,1139.2859111265193,jessica,pilot,0.2.1,6st,stimulus,,test,,,9
0.4.4-dirty,2017-04-07,13:25:25,106,95,1140.5230083807833,jessica,pilot,0.2.1,6st,stream_1,,test,,,1
0.4.4-dirty,2017-04-07,13:25:25,106,95,1140.6407624357525,jessica,pilot,0.2.1,6st,stream_1_up,,test,,,3
0.4.4-dirty,2017-04-07,13:25:25,107,96,1141.3859724799208,jessica,pilot,0.2.1,6st,trial_start,,,,,252
0.4.4-dirty,2017-04-07,13:25:25,107,96,1142.0970584009115,jessica,pilot,0.2.1,6st,stimulus,,test,,,9
0.4.4-dirty,2017-04-07,13:25:25,107,96,1143.57166630364,jessica,pilot,0.2.1,6st,stream_1,,test,,,1
0.4.4-dirty,2017-04-07,13:25:25,107,96,1143.6394869008204,jessica,pilot,0.2.1,6st,stream_1_up,,test,,,3
0.4.4-dirty,2017-04-07,13:25:25,108,97,1144.1971120566272,jessica,pilot,0.2.1,6st,trial_start,,,,,252
0.4.4-dirty,2017-04-07,13:25:25,108,97,1144.9076366168047,jessica,pilot,0.2.1,6st,stimulus,,test,,,9
0.4.4-dirty,2017-04-07,13:25:25,108,97,1146.6703397929264,jessica,pilot,0.2.1,6st,stream_1,,test,,,1
0.4.4-dirty,2017-04-07,13:25:25,108,97,1146.7725373964945,jessica,pilot,0.2.1,6st,stream_1_up,,test,,,3
0.4.4-dirty,2017-04-07,13:25:25,109,98,1147.0103744838275,jessica,pilot,0.2.1,6st,trial_start,,,,,252
0.4.4-dirty,2017-04-07,13:25:25,109,98,1147.7206048213734,jessica,pilot,0.2.1,6st,stimulus,,test,,,9
0.4.4-dirty,2017-04-07,13:25:25,109,98,1149.4843540273719,jessica,pilot,0.2.1,6st,stream_1,,test,,,1
0.4.4-dirty,2017-04-07,13:25:25,109,98,1149.5855945520916,jessica,pilot,0.2.1,6st,stream_1_up,,test,,,3
0.4.4-dirty,2017-04-07,13:25:25,110,99,1149.8206812850458,jessica,pilot,0.2.1,6st,trial_start,,,,,252
0.4.4-dirty,2017-04-07,13:25:25,110,99,1150.5305874645192,jessica,pilot,0.2.1,6st,stimulus,,test,,,9
0.4.4-dirty,2017-04-07,13:25:25,110,99,1152.3693104128579,jessica,pilot,0.2.1,6st,stream_1,,test,,,1
0.4.4-dirty,2017-04-07,13:25:25,110,99,1152.5059223708413,jessica,pilot,0.2.1,6st,stream_1_up,,test,,,3
0.4.4-dirty,2017-04-07,13:25:25,111,100,1152.630645681826,jessica,pilot,0.2.1,6st,trial_start,,,,,252
0.4.4-dirty,2017-04-07,13:25:25,111,100,1153.341607014359,jessica,pilot,0.2.1,6st,stimulus,,test,,,9
0.4.4-dirty,2017-04-07,13:25:25,111,100,1154.9804963467354,jessica,pilot,0.2.1,6st,stream_1,,test,,,1
0.4.4-dirty,2017-04-07,13:25:25,111,100,1155.1471657693637,jessica,pilot,0.2.1,6st,stream_1_up,,test,,,3
0.4.4-dirty,2017-04-07,13:25:25,112,101,1155.4416757803456,jessica,pilot,0.2.1,6st,trial_start,,,,,252
0.4.4-dirty,2017-04-07,13:25:25,112,101,1156.1528386781874,jessica,pilot,0.2.1,6st,stimulus,,test,,,9
0.4.4-dirty,2017-04-07,13:25:25,112,101,1157.6721439022358,jessica,pilot,0.2.1,6st,stream_1,,test,,,1
0.4.4-dirty,2017-04-07,13:25:25,112,101,1157.7556238717189,jessica,pilot,0.2.1,6st,stream_1_up,,test,,,3
0.4.4-dirty,2017-04-07,13:25:25,113,102,1158.2529573365778,jessica,pilot,0.2.1,6st,trial_start,,,,,252
0.4.4-dirty,2017-04-07,13:25:25,113,102,1158.964821579063,jessica,pilot,0.2.1,6st,stimulus,,test,,,9
0.4.4-dirty,2017-04-07,13:25:25,114,103,1161.0648783708734,jessica,pilot,0.2.1,6st,trial_start,,,,,252
0.4.4-dirty,2017-04-07,13:25:25,114,103,1161.181546196944,jessica,pilot,0.2.1,6st,stream_1,,test,,,1
0.4.4-dirty,2017-04-07,13:25:25,114,103,1161.3315489909187,jessica,pilot,0.2.1,6st,stream_1_up,,test,,,3
0.4.4-dirty,2017-04-07,13:25:25,114,103,1161.7752344372761,jessica,pilot,0.2.1,6st,stimulus,,test,,,9
0.4.4-dirty,2017-04-07,13:25:25,114,103,1163.630779393468,jessica,pilot,0.2.1,6st,stream_1,,test,,,1
0.4.4-dirty,2017-04-07,13:25:25,114,103,1163.7492159765166,jessica,pilot,0.2.1,6st,stream_1_up,,test,,,3
0.4.4-dirty,2017-04-07,13:25:25,115,104,1163.8753120413462,jessica,pilot,0.2.1,6st,trial_start,,,,,252
0.4.4-dirty,2017-04-07,13:25:25,115,104,1164.5840575809652,jessica,pilot,0.2.1,6st,stimulus,,test,,,9
0.4.4-dirty,2017-04-07,13:25:25,115,104,1166.5091887552217,jessica,pilot,0.2.1,6st,stream_1,,test,,,1
0.4.4-dirty,2017-04-07,13:25:25,115,104,1166.661430150065,jessica,pilot,0.2.1,6st,stream_1_up,,test,,,3
0.4.4-dirty,2017-04-07,13:25:25,116,105,1166.6859008059187,jessica,pilot,0.2.1,6st,trial_start,,,,,252
0.4.4-dirty,2017-04-07,13:25:25,116,105,1167.3967472433733,jessica,pilot,0.2.1,6st,stimulus,,test,,,9
0.4.4-dirty,2017-04-07,13:25:25,116,105,1168.87981689773,jessica,pilot,0.2.1,6st,stream_1,,test,,,1
0.4.4-dirty,2017-04-07,13:25:25,116,105,1169.1806980260853,jessica,pilot,0.2.1,6st,stream_1_up,,test,,,3
0.4.4-dirty,2017-04-07,13:25:25,117,106,1169.4968060308793,jessica,pilot,0.2.1,6st,trial_start,,,,,252
0.4.4-dirty,2017-04-07,13:25:25,117,106,1170.2073425652338,jessica,pilot,0.2.1,6st,stimulus,,test,,,9
0.4.4-dirty,2017-04-07,13:25:25,117,106,1171.6784993391393,jessica,pilot,0.2.1,6st,stream_1,,test,,,1
0.4.4-dirty,2017-04-07,13:25:25,117,106,1171.8299273452562,jessica,pilot,0.2.1,6st,stream_1_up,,test,,,3
0.4.4-dirty,2017-04-07,13:25:25,118,107,1172.307397646447,jessica,pilot,0.2.1,6st,trial_start,,,,,252
0.4.4-dirty,2017-04-07,13:25:25,118,107,1173.0195635241485,jessica,pilot,0.2.1,6st,stimulus,,test,,,9
0.4.4-dirty,2017-04-07,13:25:25,118,107,1175.1140768422838,jessica,pilot,0.2.1,6st,stream_1,,test,,,1
0.4.4-dirty,2017-04-07,13:25:25,118,107,1175.1268256343174,jessica,pilot,0.2.1,6st,high_latency,,,,0.007262110168994695,12
0.4.4-dirty,2017-04-07,13:25:25,119,108,1175.1376363203008,jessica,pilot,0.2.1,6st,trial_start,,,,,252
0.4.4-dirty,2017-04-07,13:25:25,119,108,1175.2544988692953,jessica,pilot,0.2.1,6st,stream_1_up,,test,,,3
0.4.4-dirty,2017-04-07,13:25:25,119,108,1175.8524405082976,jessica,pilot,0.2.1,6st,stimulus,,test,,,9
0.4.4-dirty,2017-04-07,13:25:25,119,108,1177.7123851191773,jessica,pilot,0.2.1,6st,stream_1,,test,,,1
0.4.4-dirty,2017-04-07,13:25:25,119,108,1177.8483536077051,jessica,pilot,0.2.1,6st,stream_1_up,,test,,,3
0.4.4-dirty,2017-04-07,13:25:25,120,109,1177.9525067083896,jessica,pilot,0.2.1,6st,trial_start,,,,,252
0.4.4-dirty,2017-04-07,13:25:25,120,109,1178.663703533066,jessica,pilot,0.2.1,6st,stimulus,,test,,,9
0.4.4-dirty,2017-04-07,13:25:25,120,109,1180.6501878235163,jessica,pilot,0.2.1,6st,stream_1,,test,,,1
0.4.4-dirty,2017-04-07,13:25:25,121,110,1180.7643578933207,jessica,pilot,0.2.1,6st,trial_start,,,,,252
0.4.4-dirty,2017-04-07,13:25:25,121,110,1180.7894993881764,jessica,pilot,0.2.1,6st,stream_1_up,,test,,,3
0.4.4-dirty,2017-04-07,13:25:25,121,110,1181.472834013961,jessica,pilot,0.2.1,6st,stimulus,,test,,,9
0.4.4-dirty,2017-04-07,13:25:25,121,110,1183.3595183872035,jessica,pilot,0.2.1,6st,stream_1,,test,,,1
0.4.4-dirty,2017-04-07,13:25:25,121,110,1183.4942549610155,jessica,pilot,0.2.1,6st,stream_1_up,,test,,,3
0.4.4-dirty,2017-04-07,13:25:25,122,111,1183.5747436670858,jessica,pilot,0.2.1,6st,trial_start,,,,,252
0.4.4-dirty,2017-04-07,13:25:25,122,111,1184.2853625951802,jessica,pilot,0.2.1,6st,stimulus,,test,,,9
0.4.4-dirty,2017-04-07,13:25:25,122,111,1186.0895520175345,jessica,pilot,0.2.1,6st,stream_1,,test,,,1
0.4.4-dirty,2017-04-07,13:25:25,122,111,1186.189553785151,jessica,pilot,0.2.1,6st,stream_1_up,,test,,,3
0.4.4-dirty,2017-04-07,13:25:25,123,112,1186.385465002902,jessica,pilot,0.2.1,6st,trial_start,,,,,252
0.4.4-dirty,2017-04-07,13:25:25,123,112,1187.0961879922952,jessica,pilot,0.2.1,6st,stimulus,,test,,,9
0.4.4-dirty,2017-04-07,13:25:25,124,113,1189.198617951914,jessica,pilot,0.2.1,6st,trial_start,,,,,252
0.4.4-dirty,2017-04-07,13:25:25,124,113,1189.9125933558144,jessica,pilot,0.2.1,6st,stimulus,,test,,,9
0.4.4-dirty,2017-04-07,13:25:25,124,113,1191.6696219125156,jessica,pilot,0.2.1,6st,stream_1,,test,,,1
0.4.4-dirty,2017-04-07,13:25:25,124,113,1191.788874735285,jessica,pilot,0.2.1,6st,stream_1_up,,test,,,3
0.4.4-dirty,2017-04-07,13:25:25,125,114,1192.0126914870439,jessica,pilot,0.2.1,6st,trial_start,,,,,252
0.4.4-dirty,2017-04-07,13:25:25,125,114,1192.7241295058543,jessica,pilot,0.2.1,6st,stimulus,,test,,,9
0.4.4-dirty,2017-04-07,13:25:25,125,114,1194.710361198193,jessica,pilot,0.2.1,6st,stream_1,,test,,,1
0.4.4-dirty,2017-04-07,13:25:25,126,115,1194.8241891486582,jessica,pilot,0.2.1,6st,trial_start,,,,,252
0.4.4-dirty,2017-04-07,13:25:25,126,115,1194.8511715306531,jessica,pilot,0.2.1,6st,stream_1_up,,test,,,3
0.4.4-dirty,2017-04-07,13:25:25,126,115,1195.5345047309402,jessica,pilot,0.2.1,6st,stimulus,,test,,,9
0.4.4-dirty,2017-04-07,13:25:25,126,115,1197.2632274740072,jessica,pilot,0.2.1,6st,stream_1,,test,,,1
0.4.4-dirty,2017-04-07,13:25:25,126,115,1197.3991283939663,jessica,pilot,0.2.1,6st,stream_1_up,,test,,,3
0.4.4-dirty,2017-04-07,13:25:25,127,116,1197.6346168320433,jessica,pilot,0.2.1,6st,trial_start,,,,,252
0.4.4-dirty,2017-04-07,13:25:25,127,116,1198.3455137321002,jessica,pilot,0.2.1,6st,stimulus,,test,,,9
0.4.4-dirty,2017-04-07,13:25:25,127,116,1200.2550496814297,jessica,pilot,0.2.1,6st,stream_1,,test,,,1
0.4.4-dirty,2017-04-07,13:25:25,127,116,1200.3728051618964,jessica,pilot,0.2.1,6st,stream_1_up,,test,,,3
0.4.4-dirty,2017-04-07,13:25:25,128,117,1200.4456221269102,jessica,pilot,0.2.1,6st,trial_start,,,,,252
0.4.4-dirty,2017-04-07,13:25:25,128,117,1201.1546761441323,jessica,pilot,0.2.1,6st,stimulus,,test,,,9
0.4.4-dirty,2017-04-07,13:25:25,128,117,1203.1085122712502,jessica,pilot,0.2.1,6st,stream_1,,test,,,1
0.4.4-dirty,2017-04-07,13:25:25,128,117,1203.141846098756,jessica,pilot,0.2.1,6st,stream_1_up,,test,,,3
0.4.4-dirty,2017-04-07,13:25:25,129,118,1203.2547343614397,jessica,pilot,0.2.1,6st,trial_start,,,,,252
0.4.4-dirty,2017-04-07,13:25:25,129,118,1203.9637883786622,jessica,pilot,0.2.1,6st,stimulus,,test,,,9
0.4.4-dirty,2017-04-07,13:25:25,129,118,1205.868225039258,jessica,pilot,0.2.1,6st,stream_1,,test,,,1
0.4.4-dirty,2017-04-07,13:25:25,129,118,1205.9874721600386,jessica,pilot,0.2.1,6st,stream_1_up,,test,,,3
0.4.4-dirty,2017-04-07,13:25:25,130,119,1206.063850017163,jessica,pilot,0.2.1,6st,trial_start,,,,,252
0.4.4-dirty,2017-04-07,13:25:25,130,119,1206.7739312476979,jessica,pilot,0.2.1,6st,stimulus,,test,,,9
0.4.4-dirty,2017-04-07,13:25:25,131,120,1208.8739860438118,jessica,pilot,0.2.1,6st,trial_start,,,,,252
0.4.4-dirty,2017-04-07,13:25:25,131,120,1209.1952341065607,jessica,pilot,0.2.1,6st,stream_1,,test,,,1
0.4.4-dirty,2017-04-07,13:25:25,131,120,1209.29772593276,jessica,pilot,0.2.1,6st,stream_1_up,,test,,,3
0.4.4-dirty,2017-04-07,13:25:25,131,120,1209.584394853613,jessica,pilot,0.2.1,6st,stimulus,,test,,,9
0.4.4-dirty,2017-04-07,13:25:25,131,120,1211.4625439195697,jessica,pilot,0.2.1,6st,stream_1,,test,,,1
0.4.4-dirty,2017-04-07,13:25:25,131,120,1211.563492217355,jessica,pilot,0.2.1,6st,stream_1_up,,test,,,3
0.4.4-dirty,2017-04-07,13:25:25,132,121,1211.6844690364892,jessica,pilot,0.2.1,6st,trial_start,,,,,252
0.4.4-dirty,2017-04-07,13:25:25,132,121,1212.397788711658,jessica,pilot,0.2.1,6st,stimulus,,test,,,9
0.4.4-dirty,2017-04-07,13:25:25,132,121,1214.3088838698714,jessica,pilot,0.2.1,6st,stream_1,,test,,,1
0.4.4-dirty,2017-04-07,13:25:25,132,121,1214.4778774232027,jessica,pilot,0.2.1,6st,stream_1_up,,test,,,3
0.4.4-dirty,2017-04-07,13:25:25,133,122,1214.4978492097612,jessica,pilot,0.2.1,6st,trial_start,,,,,252
0.4.4-dirty,2017-04-07,13:25:25,133,122,1215.2095047594503,jessica,pilot,0.2.1,6st,stimulus,,test,,,9
0.4.4-dirty,2017-04-07,13:25:25,133,122,1217.1685958396006,jessica,pilot,0.2.1,6st,stream_1,,test,,,1
0.4.4-dirty,2017-04-07,13:25:25,133,122,1217.2685978923168,jessica,pilot,0.2.1,6st,stream_1_up,,test,,,3
0.4.4-dirty,2017-04-07,13:25:25,134,123,1217.3095621214593,jessica,pilot,0.2.1,6st,trial_start,,,,,252
0.4.4-dirty,2017-04-07,13:25:25,134,123,1218.019574357927,jessica,pilot,0.2.1,6st,stimulus,,test,,,9
0.4.4-dirty,2017-04-07,13:25:25,134,123,1219.8038966252207,jessica,pilot,0.2.1,6st,stream_1,,test,,,1
0.4.4-dirty,2017-04-07,13:25:25,134,123,1219.9372362117351,jessica,pilot,0.2.1,6st,stream_1_up,,test,,,3
0.4.4-dirty,2017-04-07,13:25:25,135,124,1220.1196374219253,jessica,pilot,0.2.1,6st,trial_start,,,,,252
0.4.4-dirty,2017-04-07,13:25:25,135,124,1220.8285277920645,jessica,pilot,0.2.1,6st,stimulus,,test,,,9
0.4.4-dirty,2017-04-07,13:25:25,136,125,1222.9285857242726,jessica,pilot,0.2.1,6st,trial_start,,,,,252
0.4.4-dirty,2017-04-07,13:25:25,136,125,1223.20479634206,jessica,pilot,0.2.1,6st,stream_1,,test,,,1
0.4.4-dirty,2017-04-07,13:25:25,136,125,1223.2881311959236,jessica,pilot,0.2.1,6st,stream_1_up,,test,,,3
0.4.4-dirty,2017-04-07,13:25:25,136,125,1223.6376810809147,jessica,pilot,0.2.1,6st,stimulus,,test,,,9
0.4.4-dirty,2017-04-07,13:25:25,136,125,1225.5562703632281,jessica,pilot,0.2.1,6st,stream_1,,test,,,1
0.4.4-dirty,2017-04-07,13:25:25,136,125,1225.7081938721863,jessica,pilot,0.2.1,6st,stream_1_up,,test,,,3
0.4.4-dirty,2017-04-07,13:25:25,137,126,1225.7377410088184,jessica,pilot,0.2.1,6st,trial_start,,,,,252
0.4.4-dirty,2017-04-07,13:25:25,137,126,1226.446755112118,jessica,pilot,0.2.1,6st,stimulus,,test,,,9
0.4.4-dirty,2017-04-07,13:25:25,137,126,1228.1935907933403,jessica,pilot,0.2.1,6st,stream_1,,test,,,1
0.4.4-dirty,2017-04-07,13:25:25,137,126,1228.3106791410978,jessica,pilot,0.2.1,6st,stream_1_up,,test,,,3
0.4.4-dirty,2017-04-07,13:25:25,138,127,1228.5468161804201,jessica,pilot,0.2.1,6st,trial_start,,,,,252
0.4.4-dirty,2017-04-07,13:25:25,138,127,1229.258101956124,jessica,pilot,0.2.1,6st,stimulus,,test,,,9
0.4.4-dirty,2017-04-07,13:25:25,138,127,1231.1868898159055,jessica,pilot,0.2.1,6st,stream_1,,test,,,1
0.4.4-dirty,2017-04-07,13:25:25,138,127,1231.3219539689835,jessica,pilot,0.2.1,6st,stream_1_up,,test,,,3
0.4.4-dirty,2017-04-07,13:25:25,139,128,1231.3581601734318,jessica,pilot,0.2.1,6st,trial_start,,,,,252
0.4.4-dirty,2017-04-07,13:25:25,139,128,1232.0703602630665,jessica,pilot,0.2.1,6st,stimulus,,test,,,9
0.4.4-dirty,2017-04-07,13:25:25,139,128,1234.0792545105583,jessica,pilot,0.2.1,6st,stream_1,,test,,,1
0.4.4-dirty,2017-04-07,13:25:25,140,129,1234.1704164846783,jessica,pilot,0.2.1,6st,trial_start,,,,,252
0.4.4-dirty,2017-04-07,13:25:25,140,129,1234.1812713610761,jessica,pilot,0.2.1,6st,stream_1_up,,test,,,3
0.4.4-dirty,2017-04-07,13:25:25,140,129,1234.8821840784499,jessica,pilot,0.2.1,6st,stimulus,,test,,,9
0.4.4-dirty,2017-04-07,13:25:25,140,129,1236.7676308349878,jessica,pilot,0.2.1,6st,stream_1,,test,,,1
0.4.4-dirty,2017-04-07,13:25:25,140,129,1236.8678387295054,jessica,pilot,0.2.1,6st,stream_1_up,,test,,,3
0.4.4-dirty,2017-04-07,13:25:25,141,130,1236.9822679547078,jessica,pilot,0.2.1,6st,trial_start,,,,,252
0.4.4-dirty,2017-04-07,13:25:25,141,130,1237.6912951725822,jessica,pilot,0.2.1,6st,stimulus,,test,,,9
0.4.4-dirty,2017-04-07,13:25:25,141,130,1239.3394710492912,jessica,pilot,0.2.1,6st,stream_1,,test,,,1
0.4.4-dirty,2017-04-07,13:25:25,141,130,1239.4738951541076,jessica,pilot,0.2.1,6st,stream_1_up,,test,,,3
0.4.4-dirty,2017-04-07,13:25:25,142,131,1239.7913536749888,jessica,pilot,0.2.1,6st,trial_start,,,,,252
0.4.4-dirty,2017-04-07,13:25:25,142,131,1240.5004570144156,jessica,pilot,0.2.1,6st,stimulus,,test,,,9
0.4.4-dirty,2017-04-07,13:25:25,142,131,1242.5437505060513,jessica,pilot,0.2.1,6st,stream_1,,test,,,1
0.4.4-dirty,2017-04-07,13:25:25,143,132,1242.6033149083064,jessica,pilot,0.2.1,6st,trial_start,,,,,252
0.4.4-dirty,2017-04-07,13:25:25,143,132,1242.6958844184028,jessica,pilot,0.2.1,6st,stream_1_up,,test,,,3
0.4.4-dirty,2017-04-07,13:25:25,143,132,1243.3125342832086,jessica,pilot,0.2.1,6st,stimulus,,test,,,9
0.4.4-dirty,2017-04-07,13:25:25,143,132,1245.1710508309507,jessica,pilot,0.2.1,6st,stream_1,,test,,,1
0.4.4-dirty,2017-04-07,13:25:25,143,132,1245.3050324614233,jessica,pilot,0.2.1,6st,stream_1_up,,test,,,3
0.4.4-dirty,2017-04-07,13:25:25,144,133,1245.4125899346209,jessica,pilot,0.2.1,6st,trial_start,,,,,252
0.4.4-dirty,2017-04-07,13:25:25,144,133,1246.1230075825047,jessica,pilot,0.2.1,6st,stimulus,,test,,,9
0.4.4-dirty,2017-04-07,13:25:25,144,133,1247.8003936082982,jessica,pilot,0.2.1,6st,stream_1,,test,,,1
0.4.4-dirty,2017-04-07,13:25:25,144,133,1247.952668929976,jessica,pilot,0.2.1,6st,stream_1_up,,test,,,3
0.4.4-dirty,2017-04-07,13:25:25,145,134,1248.223067795508,jessica,pilot,0.2.1,6st,trial_start,,,,,252
0.4.4-dirty,2017-04-07,13:25:25,145,134,1248.9350378098884,jessica,pilot,0.2.1,6st,stimulus,,test,,,9
0.4.4-dirty,2017-04-07,13:25:25,145,134,1250.774232882914,jessica,pilot,0.2.1,6st,stream_1,,test,,,1
0.4.4-dirty,2017-04-07,13:25:25,145,134,1250.89198864848,jessica,pilot,0.2.1,6st,stream_1_up,,test,,,3
0.4.4-dirty,2017-04-07,13:25:25,146,135,1251.0350960271958,jessica,pilot,0.2.1,6st,trial_start,,,,,252
0.4.4-dirty,2017-04-07,13:25:25,146,135,1251.7459136696061,jessica,pilot,0.2.1,6st,stimulus,,test,,,9
0.4.4-dirty,2017-04-07,13:25:25,146,135,1253.5187162085876,jessica,pilot,0.2.1,6st,stream_1,,test,,,1
0.4.4-dirty,2017-04-07,13:25:25,146,135,1253.6520520888093,jessica,pilot,0.2.1,6st,stream_1_up,,test,,,3
0.4.4-dirty,2017-04-07,13:25:25,147,136,1253.8459735975102,jessica,pilot,0.2.1,6st,trial_start,,,,,252
0.4.4-dirty,2017-04-07,13:25:25,147,136,1254.557040416838,jessica,pilot,0.2.1,6st,stimulus,,test,,,9
0.4.4-dirty,2017-04-07,13:25:25,147,136,1256.1450745649095,jessica,pilot,0.2.1,6st,stream_1,,test,,,1
0.4.4-dirty,2017-04-07,13:25:25,147,136,1256.296615755508,jessica,pilot,0.2.1,6st,stream_1_up,,test,,,3
0.4.4-dirty,2017-04-07,13:25:25,148,137,1256.6570954980516,jessica,pilot,0.2.1,6st,trial_start,,,,,252
0.4.4-dirty,2017-04-07,13:25:25,148,137,1257.3670122262047,jessica,pilot,0.2.1,6st,stimulus,,test,,,9
0.4.4-dirty,2017-04-07,13:25:25,148,137,1259.0175347564737,jessica,pilot,0.2.1,6st,stream_1,,test,,,1
0.4.4-dirty,2017-04-07,13:25:25,148,137,1259.1675372653485,jessica,pilot,0.2.1,6st,stream_1_up,,test,,,3
0.4.4-dirty,2017-04-07,13:25:25,149,138,1259.4682704270904,jessica,pilot,0.2.1,6st,trial_start,,,,,252
0.4.4-dirty,2017-04-07,13:25:25,149,138,1260.179661404491,jessica,pilot,0.2.1,6st,stimulus,,test,,,9
0.4.4-dirty,2017-04-07,13:25:25,149,138,1261.9737913779081,jessica,pilot,0.2.1,6st,stream_1,,test,,,1
0.4.4-dirty,2017-04-07,13:25:25,149,138,1262.0914006023581,jessica,pilot,0.2.1,6st,stream_1_up,,test,,,3
0.4.4-dirty,2017-04-07,13:25:25,150,139,1262.2797347320688,jessica,pilot,0.2.1,6st,trial_start,,,,,252
0.4.4-dirty,2017-04-07,13:25:25,150,139,1262.9920003945776,jessica,pilot,0.2.1,6st,stimulus,,test,,,9
0.4.4-dirty,2017-04-07,13:25:25,150,139,1264.7774562172776,jessica,pilot,0.2.1,6st,stream_1,,test,,,1
0.4.4-dirty,2017-04-07,13:25:25,150,139,1264.8633079290717,jessica,pilot,0.2.1,6st,stream_1_up,,test,,,3
0.4.4-dirty,2017-04-07,13:25:25,151,140,1265.092057471487,jessica,pilot,0.2.1,6st,trial_start,,,,,252
0.4.4-dirty,2017-04-07,13:25:25,151,140,1265.8015779114066,jessica,pilot,0.2.1,6st,stimulus,,test,,,9
0.4.4-dirty,2017-04-07,13:25:25,151,140,1267.4108054971734,jessica,pilot,0.2.1,6st,stream_1,,test,,,1
0.4.4-dirty,2017-04-07,13:25:25,151,140,1267.561409280785,jessica,pilot,0.2.1,6st,stream_1_up,,test,,,3
0.4.4-dirty,2017-04-07,13:25:25,152,141,1267.9020882964396,jessica,pilot,0.2.1,6st,trial_start,,,,,252
0.4.4-dirty,2017-04-07,13:25:25,152,141,1268.6126695914068,jessica,pilot,0.2.1,6st,stimulus,,test,,,9
0.4.4-dirty,2017-04-07,13:25:25,152,141,1270.1754844124725,jessica,pilot,0.2.1,6st,stream_1,,test,,,1
0.4.4-dirty,2017-04-07,13:25:25,152,141,1270.308820007595,jessica,pilot,0.2.1,6st,stream_1_up,,test,,,3
0.4.4-dirty,2017-04-07,13:25:25,153,142,1270.7127357914987,jessica,pilot,0.2.1,6st,trial_start,,,,,252
0.4.4-dirty,2017-04-07,13:25:25,153,142,1271.425038231836,jessica,pilot,0.2.1,6st,stimulus,,test,,,9
0.4.4-dirty,2017-04-07,13:25:25,153,142,1273.0630853804423,jessica,pilot,0.2.1,6st,stream_1,,test,,,1
0.4.4-dirty,2017-04-07,13:25:25,153,142,1273.1497168392275,jessica,pilot,0.2.1,6st,stream_1_up,,test,,,3
0.4.4-dirty,2017-04-07,13:25:25,154,143,1273.525094168348,jessica,pilot,0.2.1,6st,trial_start,,,,,252
0.4.4-dirty,2017-04-07,13:25:25,154,143,1274.2359220743379,jessica,pilot,0.2.1,6st,stimulus,,test,,,9
0.4.4-dirty,2017-04-07,13:25:25,154,143,1276.2172372266891,jessica,pilot,0.2.1,6st,stream_1,,test,,,1
0.4.4-dirty,2017-04-07,13:25:25,155,144,1276.335974589656,jessica,pilot,0.2.1,6st,trial_start,,,,,252
0.4.4-dirty,2017-04-07,13:25:25,155,144,1276.335974589656,jessica,pilot,0.2.1,6st,stream_1_up,,test,,,3
0.4.4-dirty,2017-04-07,13:25:25,155,144,1277.0562432787801,jessica,pilot,0.2.1,6st,stimulus,,test,,,9
0.4.4-dirty,2017-04-07,13:25:25,155,144,1278.8529941714269,jessica,pilot,0.2.1,6st,stream_1,,test,,,1
0.4.4-dirty,2017-04-07,13:25:25,155,144,1279.0037624574202,jessica,pilot,0.2.1,6st,stream_1_up,,test,,,3
0.4.4-dirty,2017-04-07,13:25:25,156,145,1279.1562969344968,jessica,pilot,0.2.1,6st,trial_start,,,,,252
0.4.4-dirty,2017-04-07,13:25:25,156,145,1279.866526131645,jessica,pilot,0.2.1,6st,stimulus,,test,,,9
0.4.4-dirty,2017-04-07,13:25:25,156,145,1281.555974144901,jessica,pilot,0.2.1,6st,stream_1,,test,,,1
0.4.4-dirty,2017-04-07,13:25:25,156,145,1281.708482392828,jessica,pilot,0.2.1,6st,stream_1_up,,test,,,3
0.4.4-dirty,2017-04-07,13:25:25,157,146,1281.96658548935,jessica,pilot,0.2.1,6st,trial_start,,,,,252
0.4.4-dirty,2017-04-07,13:25:25,157,146,1282.6772848154892,jessica,pilot,0.2.1,6st,stimulus,,test,,,9
0.4.4-dirty,2017-04-07,13:25:25,157,146,1284.3618008933877,jessica,pilot,0.2.1,6st,stream_1,,test,,,1
0.4.4-dirty,2017-04-07,13:25:25,157,146,1284.5129118689179,jessica,pilot,0.2.1,6st,stream_1_up,,test,,,3
0.4.4-dirty,2017-04-07,13:25:25,158,147,1284.7773384712054,jessica,pilot,0.2.1,6st,trial_start,,,,,252
0.4.4-dirty,2017-04-07,13:25:25,158,147,1285.4874014553757,jessica,pilot,0.2.1,6st,stimulus,,test,,,9
0.4.4-dirty,2017-04-07,13:25:25,158,147,1286.8791529011146,jessica,pilot,0.2.1,6st,stream_1,,test,,,1
0.4.4-dirty,2017-04-07,13:25:25,158,147,1286.9819574814087,jessica,pilot,0.2.1,6st,stream_1_up,,test,,,3
0.4.4-dirty,2017-04-07,13:25:25,159,148,1287.5894796022749,jessica,pilot,0.2.1,6st,trial_start,,,,,252
0.4.4-dirty,2017-04-07,13:25:25,159,148,1288.3008871154434,jessica,pilot,0.2.1,6st,stimulus,,test,,,9
0.4.4-dirty,2017-04-07,13:25:25,159,148,1290.1313644175361,jessica,pilot,0.2.1,6st,stream_1,,test,,,1
0.4.4-dirty,2017-04-07,13:25:25,159,148,1290.2501123291827,jessica,pilot,0.2.1,6st,stream_1_up,,test,,,3
0.4.4-dirty,2017-04-07,13:25:25,160,149,1290.400985816873,jessica,pilot,0.2.1,6st,trial_start,,,,,252
0.4.4-dirty,2017-04-07,13:25:25,160,149,1291.1116626201551,jessica,pilot,0.2.1,6st,stimulus,,test,,,9
0.4.4-dirty,2017-04-07,13:25:25,160,149,1292.914588481754,jessica,pilot,0.2.1,6st,stream_1,,test,,,1
0.4.4-dirty,2017-04-07,13:25:25,160,149,1293.0481088213187,jessica,pilot,0.2.1,6st,stream_1_up,,test,,,3
0.4.4-dirty,2017-04-07,13:25:25,161,150,1293.2117251139543,jessica,pilot,0.2.1,6st,trial_start,,,,,252
0.4.4-dirty,2017-04-07,13:25:25,161,150,1293.9207882543583,jessica,pilot,0.2.1,6st,stimulus,,test,,,9
0.4.4-dirty,2017-04-07,13:25:25,161,150,1295.7771588585529,jessica,pilot,0.2.1,6st,stream_1,,test,,,1
0.4.4-dirty,2017-04-07,13:25:25,161,150,1295.9304699465265,jessica,pilot,0.2.1,6st,stream_1_up,,test,,,3
0.4.4-dirty,2017-04-07,13:25:25,162,150,1296.0208481822629,jessica,pilot,0.2.1,6st,break_start,,,,,253
0.4.4-dirty,2017-04-07,13:25:25,162,150,1296.0300149848272,jessica,pilot,0.2.1,6st,instructions,,,,,13
0.4.4-dirty,2017-04-07,13:25:25,163,151,1310.4294219209542,jessica,pilot,0.2.1,6st,trial_start,,,,,252
0.4.4-dirty,2017-04-07,13:25:25,163,151,1310.4405254040716,jessica,pilot,0.2.1,6st,block_start,,,,,11
0.4.4-dirty,2017-04-07,13:25:25,163,151,1311.1405255181112,jessica,pilot,0.2.1,6st,stimulus,,test,,,9
0.4.4-dirty,2017-04-07,13:25:25,163,151,1313.005692010487,jessica,pilot,0.2.1,6st,stream_1,,test,,,1
0.4.4-dirty,2017-04-07,13:25:25,163,151,1313.0892486717216,jessica,pilot,0.2.1,6st,stream_1_up,,test,,,3
0.4.4-dirty,2017-04-07,13:25:25,164,152,1313.24057774833,jessica,pilot,0.2.1,6st,trial_start,,,,,252
0.4.4-dirty,2017-04-07,13:25:25,164,152,1313.949690781138,jessica,pilot,0.2.1,6st,stimulus,,test,,,9
0.4.4-dirty,2017-04-07,13:25:25,164,152,1315.9680246713656,jessica,pilot,0.2.1,6st,stream_1,,test,,,1
0.4.4-dirty,2017-04-07,13:25:25,165,153,1316.0497886272688,jessica,pilot,0.2.1,6st,trial_start,,,,,252
0.4.4-dirty,2017-04-07,13:25:25,165,153,1316.0587775277768,jessica,pilot,0.2.1,6st,stream_1_up,,test,,,3
0.4.4-dirty,2017-04-07,13:25:25,165,153,1316.760701492895,jessica,pilot,0.2.1,6st,stimulus,,test,,,9
0.4.4-dirty,2017-04-07,13:25:25,165,153,1318.5402018732175,jessica,pilot,0.2.1,6st,stream_1,,test,,,1
0.4.4-dirty,2017-04-07,13:25:25,165,153,1318.62364050328,jessica,pilot,0.2.1,6st,stream_1_up,,test,,,3
0.4.4-dirty,2017-04-07,13:25:25,166,154,1318.8639896018526,jessica,pilot,0.2.1,6st,trial_start,,,,,252
0.4.4-dirty,2017-04-07,13:25:25,166,154,1319.5740973466359,jessica,pilot,0.2.1,6st,stimulus,,test,,,9
0.4.4-dirty,2017-04-07,13:25:25,166,154,1321.2207775916395,jessica,pilot,0.2.1,6st,stream_1,,test,,,1
0.4.4-dirty,2017-04-07,13:25:25,166,154,1321.33954403475,jessica,pilot,0.2.1,6st,stream_1_up,,test,,,3
0.4.4-dirty,2017-04-07,13:25:25,167,155,1321.6741561341428,jessica,pilot,0.2.1,6st,trial_start,,,,,252
0.4.4-dirty,2017-04-07,13:25:25,167,155,1322.3840583222236,jessica,pilot,0.2.1,6st,stimulus,,test,,,9
0.4.4-dirty,2017-04-07,13:25:25,167,155,1324.0733002085785,jessica,pilot,0.2.1,6st,stream_1,,test,,,1
0.4.4-dirty,2017-04-07,13:25:25,167,155,1324.1899691750473,jessica,pilot,0.2.1,6st,stream_1_up,,test,,,3
0.4.4-dirty,2017-04-07,13:25:25,168,156,1324.4847266523511,jessica,pilot,0.2.1,6st,trial_start,,,,,252
0.4.4-dirty,2017-04-07,13:25:25,168,156,1325.195218711191,jessica,pilot,0.2.1,6st,stimulus,,test,,,9
0.4.4-dirty,2017-04-07,13:25:25,168,156,1326.816384551259,jessica,pilot,0.2.1,6st,stream_1,,test,,,1
0.4.4-dirty,2017-04-07,13:25:25,168,156,1326.9704075325553,jessica,pilot,0.2.1,6st,stream_1_up,,test,,,3
0.4.4-dirty,2017-04-07,13:25:25,169,157,1327.2963292305622,jessica,pilot,0.2.1,6st,trial_start,,,,,252
0.4.4-dirty,2017-04-07,13:25:25,169,157,1328.0084757215009,jessica,pilot,0.2.1,6st,stimulus,,test,,,9
0.4.4-dirty,2017-04-07,13:25:25,169,157,1329.8343526588942,jessica,pilot,0.2.1,6st,stream_1,,test,,,1
0.4.4-dirty,2017-04-07,13:25:25,169,157,1329.9553485796914,jessica,pilot,0.2.1,6st,stream_1_up,,test,,,3
0.4.4-dirty,2017-04-07,13:25:25,170,158,1330.1085310878138,jessica,pilot,0.2.1,6st,trial_start,,,,,252
0.4.4-dirty,2017-04-07,13:25:25,170,158,1330.8214561853465,jessica,pilot,0.2.1,6st,stimulus,,test,,,9
0.4.4-dirty,2017-04-07,13:25:25,170,158,1332.3751606535388,jessica,pilot,0.2.1,6st,stream_1,,test,,,1
0.4.4-dirty,2017-04-07,13:25:25,170,158,1332.4922843536283,jessica,pilot,0.2.1,6st,stream_1_up,,test,,,3
0.4.4-dirty,2017-04-07,13:25:25,171,159,1332.9215158281513,jessica,pilot,0.2.1,6st,trial_start,,,,,252
0.4.4-dirty,2017-04-07,13:25:25,171,159,1333.6319089574822,jessica,pilot,0.2.1,6st,stimulus,,test,,,9
0.4.4-dirty,2017-04-07,13:25:25,171,159,1335.207492242444,jessica,pilot,0.2.1,6st,stream_1,,test,,,1
0.4.4-dirty,2017-04-07,13:25:25,171,159,1335.325441875635,jessica,pilot,0.2.1,6st,stream_1_up,,test,,,3
0.4.4-dirty,2017-04-07,13:25:25,172,160,1335.7319674598893,jessica,pilot,0.2.1,6st,trial_start,,,,,252
0.4.4-dirty,2017-04-07,13:25:25,172,160,1336.4418858986387,jessica,pilot,0.2.1,6st,stimulus,,test,,,9
0.4.4-dirty,2017-04-07,13:25:25,172,160,1338.1596477083135,jessica,pilot,0.2.1,6st,stream_1,,test,,,1
0.4.4-dirty,2017-04-07,13:25:25,172,160,1338.2780814403677,jessica,pilot,0.2.1,6st,stream_1_up,,test,,,3
0.4.4-dirty,2017-04-07,13:25:25,173,161,1338.5419372735596,jessica,pilot,0.2.1,6st,trial_start,,,,,252
0.4.4-dirty,2017-04-07,13:25:25,173,161,1339.2523489343548,jessica,pilot,0.2.1,6st,stimulus,,test,,,9
0.4.4-dirty,2017-04-07,13:25:25,173,161,1341.0207042070415,jessica,pilot,0.2.1,6st,stream_1,,test,,,1
0.4.4-dirty,2017-04-07,13:25:25,173,161,1341.1207056895587,jessica,pilot,0.2.1,6st,stream_1_up,,test,,,3
0.4.4-dirty,2017-04-07,13:25:25,174,162,1341.3528239670559,jessica,pilot,0.2.1,6st,trial_start,,,,,252
0.4.4-dirty,2017-04-07,13:25:25,174,162,1342.062710759767,jessica,pilot,0.2.1,6st,stimulus,,test,,,9
0.4.4-dirty,2017-04-07,13:25:25,174,162,1343.6623644209571,jessica,pilot,0.2.1,6st,stream_1,,test,,,1
0.4.4-dirty,2017-04-07,13:25:25,174,162,1343.7962975845235,jessica,pilot,0.2.1,6st,stream_1_up,,test,,,3
0.4.4-dirty,2017-04-07,13:25:25,175,163,1344.162770117472,jessica,pilot,0.2.1,6st,trial_start,,,,,252
0.4.4-dirty,2017-04-07,13:25:25,175,163,1344.8730184162841,jessica,pilot,0.2.1,6st,stimulus,,test,,,9
0.4.4-dirty,2017-04-07,13:25:25,176,164,1346.9730757782932,jessica,pilot,0.2.1,6st,trial_start,,,,,252
0.4.4-dirty,2017-04-07,13:25:25,176,164,1347.0008635662289,jessica,pilot,0.2.1,6st,stream_1,,test,,,1
0.4.4-dirty,2017-04-07,13:25:25,176,164,1347.1199210958766,jessica,pilot,0.2.1,6st,stream_1_up,,test,,,3
0.4.4-dirty,2017-04-07,13:25:25,176,164,1347.6841976218143,jessica,pilot,0.2.1,6st,stimulus,,test,,,9
0.4.4-dirty,2017-04-07,13:25:25,176,164,1349.7064299618992,jessica,pilot,0.2.1,6st,stream_1,,test,,,1
0.4.4-dirty,2017-04-07,13:25:25,177,165,1349.784254128525,jessica,pilot,0.2.1,6st,trial_start,,,,,252
0.4.4-dirty,2017-04-07,13:25:25,177,165,1349.8458353242777,jessica,pilot,0.2.1,6st,stream_1_up,,test,,,3
0.4.4-dirty,2017-04-07,13:25:25,177,165,1350.4953141054666,jessica,pilot,0.2.1,6st,stimulus,,test,,,9
0.4.4-dirty,2017-04-07,13:25:25,177,165,1352.3862219419375,jessica,pilot,0.2.1,6st,stream_1,,test,,,1
0.4.4-dirty,2017-04-07,13:25:25,177,165,1352.5201072087966,jessica,pilot,0.2.1,6st,stream_1_up,,test,,,3
0.4.4-dirty,2017-04-07,13:25:25,178,166,1352.5958718170073,jessica,pilot,0.2.1,6st,trial_start,,,,,252
0.4.4-dirty,2017-04-07,13:25:25,178,166,1353.3044497181504,jessica,pilot,0.2.1,6st,stimulus,,test,,,9
0.4.4-dirty,2017-04-07,13:25:25,178,166,1354.9768125767628,jessica,pilot,0.2.1,6st,stream_1,,test,,,1
0.4.4-dirty,2017-04-07,13:25:25,178,166,1355.1305612923898,jessica,pilot,0.2.1,6st,stream_1_up,,test,,,3
0.4.4-dirty,2017-04-07,13:25:25,179,167,1355.404503373867,jessica,pilot,0.2.1,6st,trial_start,,,,,252
0.4.4-dirty,2017-04-07,13:25:25,179,167,1356.113591603023,jessica,pilot,0.2.1,6st,stimulus,,test,,,9
0.4.4-dirty,2017-04-07,13:25:25,179,167,1358.1189628766306,jessica,pilot,0.2.1,6st,stream_1,,test,,,1
0.4.4-dirty,2017-04-07,13:25:25,180,168,1358.2136749090819,jessica,pilot,0.2.1,6st,trial_start,,,,,252
0.4.4-dirty,2017-04-07,13:25:25,180,168,1358.223655100372,jessica,pilot,0.2.1,6st,stream_1_up,,test,,,3
0.4.4-dirty,2017-04-07,13:25:25,180,168,1358.923655214412,jessica,pilot,0.2.1,6st,stimulus,,test,,,9
0.4.4-dirty,2017-04-07,13:25:25,180,168,1360.637952780689,jessica,pilot,0.2.1,6st,stream_1,,test,,,1
0.4.4-dirty,2017-04-07,13:25:25,180,168,1360.7742000964777,jessica,pilot,0.2.1,6st,stream_1_up,,test,,,3
0.4.4-dirty,2017-04-07,13:25:25,181,169,1361.0257347868082,jessica,pilot,0.2.1,6st,trial_start,,,,,252
0.4.4-dirty,2017-04-07,13:25:25,181,169,1361.7367993253406,jessica,pilot,0.2.1,6st,stimulus,,test,,,9
0.4.4-dirty,2017-04-07,13:25:25,181,169,1363.405061883686,jessica,pilot,0.2.1,6st,stream_1,,test,,,1
0.4.4-dirty,2017-04-07,13:25:25,181,169,1363.526521091087,jessica,pilot,0.2.1,6st,stream_1_up,,test,,,3
0.4.4-dirty,2017-04-07,13:25:25,182,170,1363.8368558320512,jessica,pilot,0.2.1,6st,trial_start,,,,,252
0.4.4-dirty,2017-04-07,13:25:25,182,170,1364.5488324037192,jessica,pilot,0.2.1,6st,stimulus,,test,,,9
0.4.4-dirty,2017-04-07,13:25:25,182,170,1366.3808389792525,jessica,pilot,0.2.1,6st,stream_1,,test,,,1
0.4.4-dirty,2017-04-07,13:25:25,182,170,1366.4662738756533,jessica,pilot,0.2.1,6st,stream_1_up,,test,,,3
0.4.4-dirty,2017-04-07,13:25:25,183,171,1366.6511124010276,jessica,pilot,0.2.1,6st,trial_start,,,,,252
0.4.4-dirty,2017-04-07,13:25:25,183,171,1367.3621338895432,jessica,pilot,0.2.1,6st,stimulus,,test,,,9
0.4.4-dirty,2017-04-07,13:25:25,183,171,1369.2447510340558,jessica,pilot,0.2.1,6st,stream_1,,test,,,1
0.4.4-dirty,2017-04-07,13:25:25,183,171,1369.3785353757098,jessica,pilot,0.2.1,6st,stream_1_up,,test,,,3
0.4.4-dirty,2017-04-07,13:25:25,184,172,1369.4621912515522,jessica,pilot,0.2.1,6st,trial_start,,,,,252
0.4.4-dirty,2017-04-07,13:25:25,184,172,1370.1723719817942,jessica,pilot,0.2.1,6st,stimulus,,test,,,9
0.4.4-dirty,2017-04-07,13:25:25,185,173,1372.2724299140023,jessica,pilot,0.2.1,6st,trial_start,,,,,252
0.4.4-dirty,2017-04-07,13:25:25,185,173,1372.9817621882862,jessica,pilot,0.2.1,6st,stimulus,,test,,,9
0.4.4-dirty,2017-04-07,13:25:25,186,174,1375.0818252522845,jessica,pilot,0.2.1,6st,trial_start,,,,,252
0.4.4-dirty,2017-04-07,13:25:25,186,174,1375.7926235079317,jessica,pilot,0.2.1,6st,stimulus,,test,,,9
0.4.4-dirty,2017-04-07,13:25:25,186,174,1376.6991183014457,jessica,pilot,0.2.1,6st,stream_1,,test,,,1
0.4.4-dirty,2017-04-07,13:25:25,186,174,1376.8667644747838,jessica,pilot,0.2.1,6st,stream_1_up,,test,,,3
0.4.4-dirty,2017-04-07,13:25:25,186,174,1377.887441882477,jessica,pilot,0.2.1,6st,stream_1,,test,,,1
0.4.4-dirty,2017-04-07,13:25:25,186,174,1377.8988093676835,jessica,pilot,0.2.1,6st,high_latency,,,,0.0061858597518948955,12
0.4.4-dirty,2017-04-07,13:25:25,187,175,1377.9090395911899,jessica,pilot,0.2.1,6st,trial_start,,,,,252
0.4.4-dirty,2017-04-07,13:25:25,187,175,1378.0090470607956,jessica,pilot,0.2.1,6st,stream_1_up,,test,,,3
0.4.4-dirty,2017-04-07,13:25:25,187,175,1378.6207564372603,jessica,pilot,0.2.1,6st,stimulus,,test,,,9
0.4.4-dirty,2017-04-07,13:25:25,187,175,1380.4122540874705,jessica,pilot,0.2.1,6st,stream_1,,test,,,1
0.4.4-dirty,2017-04-07,13:25:25,187,175,1380.5657516304836,jessica,pilot,0.2.1,6st,stream_1_up,,test,,,3
0.4.4-dirty,2017-04-07,13:25:25,188,176,1380.7211080219,jessica,pilot,0.2.1,6st,trial_start,,,,,252
0.4.4-dirty,2017-04-07,13:25:25,188,176,1381.4353251901325,jessica,pilot,0.2.1,6st,stimulus,,test,,,9
0.4.4-dirty,2017-04-07,13:25:25,188,176,1383.020129161454,jessica,pilot,0.2.1,6st,stream_1,,test,,,1
0.4.4-dirty,2017-04-07,13:25:25,188,176,1383.1369914253487,jessica,pilot,0.2.1,6st,stream_1_up,,test,,,3
0.4.4-dirty,2017-04-07,13:25:25,189,177,1383.5353808415448,jessica,pilot,0.2.1,6st,trial_start,,,,,252
0.4.4-dirty,2017-04-07,13:25:25,189,177,1384.2458164506943,jessica,pilot,0.2.1,6st,stimulus,,test,,,9
0.4.4-dirty,2017-04-07,13:25:25,189,177,1386.2759888104165,jessica,pilot,0.2.1,6st,stream_1,,test,,,1
0.4.4-dirty,2017-04-07,13:25:25,190,178,1386.3475752862114,jessica,pilot,0.2.1,6st,trial_start,,,,,252
0.4.4-dirty,2017-04-07,13:25:25,190,178,1386.3989664574797,jessica,pilot,0.2.1,6st,stream_1_up,,test,,,3
0.4.4-dirty,2017-04-07,13:25:25,190,178,1387.0592445206735,jessica,pilot,0.2.1,6st,stimulus,,test,,,9
0.4.4-dirty,2017-04-07,13:25:25,190,178,1388.9794888052847,jessica,pilot,0.2.1,6st,stream_1,,test,,,1
0.4.4-dirty,2017-04-07,13:25:25,190,178,1389.11390834851,jessica,pilot,0.2.1,6st,stream_1_up,,test,,,3
0.4.4-dirty,2017-04-07,13:25:25,191,179,1389.1593152823566,jessica,pilot,0.2.1,6st,trial_start,,,,,252
0.4.4-dirty,2017-04-07,13:25:25,191,179,1389.8680351630255,jessica,pilot,0.2.1,6st,stimulus,,test,,,9
0.4.4-dirty,2017-04-07,13:25:25,191,179,1391.8178739107775,jessica,pilot,0.2.1,6st,stream_1,,test,,,1
0.4.4-dirty,2017-04-07,13:25:25,191,179,1391.9198055165602,jessica,pilot,0.2.1,6st,stream_1_up,,test,,,3
0.4.4-dirty,2017-04-07,13:25:25,192,180,1391.968092525034,jessica,pilot,0.2.1,6st,trial_start,,,,,252
0.4.4-dirty,2017-04-07,13:25:25,192,180,1392.6771787584944,jessica,pilot,0.2.1,6st,stimulus,,test,,,9
0.4.4-dirty,2017-04-07,13:25:25,192,180,1394.6544494900709,jessica,pilot,0.2.1,6st,stream_1,,test,,,1
0.4.4-dirty,2017-04-07,13:25:25,192,180,1394.754450972588,jessica,pilot,0.2.1,6st,stream_1_up,,test,,,3
0.4.4-dirty,2017-04-07,13:25:25,193,181,1394.777237260901,jessica,pilot,0.2.1,6st,trial_start,,,,,252
0.4.4-dirty,2017-04-07,13:25:25,193,181,1395.486283295339,jessica,pilot,0.2.1,6st,stimulus,,test,,,9
0.4.4-dirty,2017-04-07,13:25:25,193,181,1397.5182429435035,jessica,pilot,0.2.1,6st,stream_1,,test,,,1
0.4.4-dirty,2017-04-07,13:25:25,194,182,1397.5863378063536,jessica,pilot,0.2.1,6st,trial_start,,,,,252
0.4.4-dirty,2017-04-07,13:25:25,194,182,1397.6387162770116,jessica,pilot,0.2.1,6st,stream_1_up,,test,,,3
0.4.4-dirty,2017-04-07,13:25:25,194,182,1398.2976173098696,jessica,pilot,0.2.1,6st,stimulus,,test,,,9
0.4.4-dirty,2017-04-07,13:25:25,194,182,1400.1285037296707,jessica,pilot,0.2.1,6st,stream_1,,test,,,1
0.4.4-dirty,2017-04-07,13:25:25,194,182,1400.2336110582091,jessica,pilot,0.2.1,6st,stream_1_up,,test,,,3
0.4.4-dirty,2017-04-07,13:25:25,195,183,1400.39767410168,jessica,pilot,0.2.1,6st,trial_start,,,,,252
0.4.4-dirty,2017-04-07,13:25:25,195,183,1401.1106068968975,jessica,pilot,0.2.1,6st,stimulus,,test,,,9
0.4.4-dirty,2017-04-07,13:25:25,195,183,1403.1062585601107,jessica,pilot,0.2.1,6st,stream_1,,test,,,1
0.4.4-dirty,2017-04-07,13:25:25,196,184,1403.21080737883,jessica,pilot,0.2.1,6st,trial_start,,,,,252
0.4.4-dirty,2017-04-07,13:25:25,196,184,1403.21080737883,jessica,pilot,0.2.1,6st,stream_1_up,,test,,,3
0.4.4-dirty,2017-04-07,13:25:25,196,184,1403.9339022587856,jessica,pilot,0.2.1,6st,stimulus,,test,,,9
0.4.4-dirty,2017-04-07,13:25:25,196,184,1405.8292830205032,jessica,pilot,0.2.1,6st,stream_1,,test,,,1
0.4.4-dirty,2017-04-07,13:25:25,196,184,1405.9968573487804,jessica,pilot,0.2.1,6st,stream_1_up,,test,,,3
0.4.4-dirty,2017-04-07,13:25:25,197,185,1406.0352086414778,jessica,pilot,0.2.1,6st,trial_start,,,,,252
0.4.4-dirty,2017-04-07,13:25:25,197,185,1406.745837262954,jessica,pilot,0.2.1,6st,stimulus,,test,,,9
0.4.4-dirty,2017-04-07,13:25:25,197,185,1408.4651856510586,jessica,pilot,0.2.1,6st,stream_1,,test,,,1
0.4.4-dirty,2017-04-07,13:25:25,197,185,1408.6336608935926,jessica,pilot,0.2.1,6st,stream_1_up,,test,,,3
0.4.4-dirty,2017-04-07,13:25:25,198,186,1408.8458934845648,jessica,pilot,0.2.1,6st,trial_start,,,,,252
0.4.4-dirty,2017-04-07,13:25:25,198,186,1409.5548933328923,jessica,pilot,0.2.1,6st,stimulus,,test,,,9
0.4.4-dirty,2017-04-07,13:25:25,198,186,1411.1041397010104,jessica,pilot,0.2.1,6st,stream_1,,test,,,1
0.4.4-dirty,2017-04-07,13:25:25,198,186,1411.2545898160197,jessica,pilot,0.2.1,6st,stream_1_up,,test,,,3
0.4.4-dirty,2017-04-07,13:25:25,199,187,1411.6582758097675,jessica,pilot,0.2.1,6st,trial_start,,,,,252
0.4.4-dirty,2017-04-07,13:25:25,199,187,1412.3670005371273,jessica,pilot,0.2.1,6st,stimulus,,test,,,9
0.4.4-dirty,2017-04-07,13:25:25,199,187,1414.0189314586714,jessica,pilot,0.2.1,6st,stream_1,,test,,,1
0.4.4-dirty,2017-04-07,13:25:25,199,187,1414.1385172775967,jessica,pilot,0.2.1,6st,stream_1_up,,test,,,3
0.4.4-dirty,2017-04-07,13:25:25,200,188,1414.468300932731,jessica,pilot,0.2.1,6st,trial_start,,,,,252
0.4.4-dirty,2017-04-07,13:25:25,200,188,1415.1771525293452,jessica,pilot,0.2.1,6st,stimulus,,test,,,9
0.4.4-dirty,2017-04-07,13:25:25,200,188,1416.7989435925037,jessica,pilot,0.2.1,6st,stream_1,,test,,,1
0.4.4-dirty,2017-04-07,13:25:25,200,188,1416.9497711791828,jessica,pilot,0.2.1,6st,stream_1_up,,test,,,3
0.4.4-dirty,2017-04-07,13:25:25,201,189,1417.2772811662167,jessica,pilot,0.2.1,6st,trial_start,,,,,252
0.4.4-dirty,2017-04-07,13:25:25,201,189,1417.9882607451132,jessica,pilot,0.2.1,6st,stimulus,,test,,,9
0.4.4-dirty,2017-04-07,13:25:25,201,189,1419.3136604260299,jessica,pilot,0.2.1,6st,stream_1,,test,,,1
0.4.4-dirty,2017-04-07,13:25:25,201,189,1419.4489255742187,jessica,pilot,0.2.1,6st,stream_1_up,,test,,,3
0.4.4-dirty,2017-04-07,13:25:25,202,190,1420.0908637600965,jessica,pilot,0.2.1,6st,trial_start,,,,,252
0.4.4-dirty,2017-04-07,13:25:25,202,190,1420.8013928818646,jessica,pilot,0.2.1,6st,stimulus,,test,,,9
0.4.4-dirty,2017-04-07,13:25:25,202,190,1422.3706079004478,jessica,pilot,0.2.1,6st,stream_1,,test,,,1
0.4.4-dirty,2017-04-07,13:25:25,202,190,1422.5039434955702,jessica,pilot,0.2.1,6st,stream_1_up,,test,,,3
0.4.4-dirty,2017-04-07,13:25:25,203,191,1422.9014476779785,jessica,pilot,0.2.1,6st,trial_start,,,,,252
0.4.4-dirty,2017-04-07,13:25:25,203,191,1423.6115676820386,jessica,pilot,0.2.1,6st,stimulus,,test,,,9
0.4.4-dirty,2017-04-07,13:25:25,203,191,1425.4388068245962,jessica,pilot,0.2.1,6st,stream_1,,test,,,1
0.4.4-dirty,2017-04-07,13:25:25,203,191,1425.572986314086,jessica,pilot,0.2.1,6st,stream_1_up,,test,,,3
0.4.4-dirty,2017-04-07,13:25:25,204,192,1425.7116324566332,jessica,pilot,0.2.1,6st,trial_start,,,,,252
0.4.4-dirty,2017-04-07,13:25:25,204,192,1426.4228478127739,jessica,pilot,0.2.1,6st,stimulus,,test,,,9
0.4.4-dirty,2017-04-07,13:25:25,204,192,1428.4798426137004,jessica,pilot,0.2.1,6st,stream_1,,test,,,1
0.4.4-dirty,2017-04-07,13:25:25,205,193,1428.5229812963362,jessica,pilot,0.2.1,6st,trial_start,,,,,252
0.4.4-dirty,2017-04-07,13:25:25,205,193,1428.615094647315,jessica,pilot,0.2.1,6st,stream_1_up,,test,,,3
0.4.4-dirty,2017-04-07,13:25:25,205,193,1429.2317601925902,jessica,pilot,0.2.1,6st,stimulus,,test,,,9
0.4.4-dirty,2017-04-07,13:25:25,205,193,1431.1617434743584,jessica,pilot,0.2.1,6st,stream_1,,test,,,1
0.4.4-dirty,2017-04-07,13:25:25,205,193,1431.2964321514628,jessica,pilot,0.2.1,6st,stream_1_up,,test,,,3
0.4.4-dirty,2017-04-07,13:25:25,206,194,1431.333012691487,jessica,pilot,0.2.1,6st,trial_start,,,,,252
0.4.4-dirty,2017-04-07,13:25:25,206,194,1432.0442457237937,jessica,pilot,0.2.1,6st,stimulus,,test,,,9
0.4.4-dirty,2017-04-07,13:25:25,206,194,1433.9558255510688,jessica,pilot,0.2.1,6st,stream_1,,test,,,1
0.4.4-dirty,2017-04-07,13:25:25,206,194,1434.0912534910426,jessica,pilot,0.2.1,6st,stream_1_up,,test,,,3
0.4.4-dirty,2017-04-07,13:25:25,207,195,1434.1455720634467,jessica,pilot,0.2.1,6st,trial_start,,,,,252
0.4.4-dirty,2017-04-07,13:25:25,207,195,1434.8576991676237,jessica,pilot,0.2.1,6st,stimulus,,test,,,9
0.4.4-dirty,2017-04-07,13:25:25,208,196,1436.9583421238995,jessica,pilot,0.2.1,6st,trial_start,,,,,252
0.4.4-dirty,2017-04-07,13:25:25,208,196,1437.6681282765053,jessica,pilot,0.2.1,6st,stimulus,,test,,,9
0.4.4-dirty,2017-04-07,13:25:25,208,196,1439.7245209473967,jessica,pilot,0.2.1,6st,stream_1,,test,,,1
0.4.4-dirty,2017-04-07,13:25:25,209,197,1439.7699427064144,jessica,pilot,0.2.1,6st,trial_start,,,,,252
0.4.4-dirty,2017-04-07,13:25:25,209,197,1439.863660882189,jessica,pilot,0.2.1,6st,stream_1_up,,test,,,3
0.4.4-dirty,2017-04-07,13:25:25,209,197,1440.4803272827626,jessica,pilot,0.2.1,6st,stimulus,,test,,,9
0.4.4-dirty,2017-04-07,13:25:25,209,197,1442.2402772535115,jessica,pilot,0.2.1,6st,stream_1,,test,,,1
0.4.4-dirty,2017-04-07,13:25:25,209,197,1442.3573807115395,jessica,pilot,0.2.1,6st,stream_1_up,,test,,,3
0.4.4-dirty,2017-04-07,13:25:25,210,198,1442.5817833426654,jessica,pilot,0.2.1,6st,trial_start,,,,,252
0.4.4-dirty,2017-04-07,13:25:25,210,198,1443.2924051217542,jessica,pilot,0.2.1,6st,stimulus,,test,,,9
0.4.4-dirty,2017-04-07,13:25:25,210,198,1445.3036420314133,jessica,pilot,0.2.1,6st,stream_1,,test,,,1
0.4.4-dirty,2017-04-07,13:25:25,211,199,1445.393918201547,jessica,pilot,0.2.1,6st,trial_start,,,,,252
0.4.4-dirty,2017-04-07,13:25:25,211,199,1445.393918201547,jessica,pilot,0.2.1,6st,stream_1_up,,test,,,3
0.4.4-dirty,2017-04-07,13:25:25,211,199,1446.1140754167864,jessica,pilot,0.2.1,6st,stimulus,,test,,,9
0.4.4-dirty,2017-04-07,13:25:25,212,200,1448.2141230854145,jessica,pilot,0.2.1,6st,trial_start,,,,,252
0.4.4-dirty,2017-04-07,13:25:25,212,200,1448.260411261656,jessica,pilot,0.2.1,6st,stream_1,,test,,,1
0.4.4-dirty,2017-04-07,13:25:25,212,200,1448.362453486025,jessica,pilot,0.2.1,6st,stream_1_up,,test,,,3
0.4.4-dirty,2017-04-07,13:25:25,212,200,1448.9228064733538,jessica,pilot,0.2.1,6st,stimulus,,test,,,9
0.4.4-dirty,2017-04-07,13:25:25,212,200,1450.805939647868,jessica,pilot,0.2.1,6st,stream_1,,test,,,1
0.4.4-dirty,2017-04-07,13:25:25,212,200,1450.9259488394741,jessica,pilot,0.2.1,6st,stream_1_up,,test,,,3
0.4.4-dirty,2017-04-07,13:25:25,213,201,1451.024454690285,jessica,pilot,0.2.1,6st,trial_start,,,,,252
0.4.4-dirty,2017-04-07,13:25:25,213,201,1451.735088443551,jessica,pilot,0.2.1,6st,stimulus,,test,,,9
0.4.4-dirty,2017-04-07,13:25:25,213,201,1453.247416143699,jessica,pilot,0.2.1,6st,stream_1,,test,,,1
0.4.4-dirty,2017-04-07,13:25:25,213,201,1453.348810051922,jessica,pilot,0.2.1,6st,stream_1_up,,test,,,3
0.4.4-dirty,2017-04-07,13:25:25,214,202,1453.8351418141674,jessica,pilot,0.2.1,6st,trial_start,,,,,252
0.4.4-dirty,2017-04-07,13:25:25,214,202,1454.5439252720134,jessica,pilot,0.2.1,6st,stimulus,,test,,,9
0.4.4-dirty,2017-04-07,13:25:25,214,202,1456.1334502051004,jessica,pilot,0.2.1,6st,stream_1,,test,,,1
0.4.4-dirty,2017-04-07,13:25:25,214,202,1456.2858236009884,jessica,pilot,0.2.1,6st,stream_1_up,,test,,,3
0.4.4-dirty,2017-04-07,13:25:25,215,203,1456.6452293739103,jessica,pilot,0.2.1,6st,trial_start,,,,,252
0.4.4-dirty,2017-04-07,13:25:25,215,203,1457.3575452139212,jessica,pilot,0.2.1,6st,stimulus,,test,,,9
0.4.4-dirty,2017-04-07,13:25:25,215,203,1459.1941299163973,jessica,pilot,0.2.1,6st,stream_1,,test,,,1
0.4.4-dirty,2017-04-07,13:25:25,215,203,1459.3300870009475,jessica,pilot,0.2.1,6st,stream_1_up,,test,,,3
0.4.4-dirty,2017-04-07,13:25:25,216,204,1459.4576308007759,jessica,pilot,0.2.1,6st,trial_start,,,,,252
0.4.4-dirty,2017-04-07,13:25:25,216,204,1460.1681365443892,jessica,pilot,0.2.1,6st,stimulus,,test,,,9
0.4.4-dirty,2017-04-07,13:25:25,216,204,1461.9423585935247,jessica,pilot,0.2.1,6st,stream_1,,test,,,1
0.4.4-dirty,2017-04-07,13:25:25,216,204,1462.043696052057,jessica,pilot,0.2.1,6st,stream_1_up,,test,,,3
0.4.4-dirty,2017-04-07,13:25:25,217,205,1462.2694147022366,jessica,pilot,0.2.1,6st,trial_start,,,,,252
0.4.4-dirty,2017-04-07,13:25:25,217,205,1462.9808644101236,jessica,pilot,0.2.1,6st,stimulus,,test,,,9
0.4.4-dirty,2017-04-07,13:25:25,217,205,1464.666928863126,jessica,pilot,0.2.1,6st,stream_1,,test,,,1
0.4.4-dirty,2017-04-07,13:25:25,217,205,1464.785333229937,jessica,pilot,0.2.1,6st,stream_1_up,,test,,,3
0.4.4-dirty,2017-04-07,13:25:25,218,206,1465.0809229125298,jessica,pilot,0.2.1,6st,trial_start,,,,,252
0.4.4-dirty,2017-04-07,13:25:25,218,206,1465.7912345034192,jessica,pilot,0.2.1,6st,stimulus,,test,,,9
0.4.4-dirty,2017-04-07,13:25:25,218,206,1467.7853680120697,jessica,pilot,0.2.1,6st,stream_1,,test,,,1
0.4.4-dirty,2017-04-07,13:25:25,219,207,1467.892522354648,jessica,pilot,0.2.1,6st,trial_start,,,,,252
0.4.4-dirty,2017-04-07,13:25:25,219,207,1467.9212903144871,jessica,pilot,0.2.1,6st,stream_1_up,,test,,,3
0.4.4-dirty,2017-04-07,13:25:25,219,207,1468.6042617235744,jessica,pilot,0.2.1,6st,stimulus,,test,,,9
0.4.4-dirty,2017-04-07,13:25:25,219,207,1470.5640917814949,jessica,pilot,0.2.1,6st,stream_1,,test,,,1
0.4.4-dirty,2017-04-07,13:25:25,219,207,1470.6502590983787,jessica,pilot,0.2.1,6st,stream_1_up,,test,,,3
0.4.4-dirty,2017-04-07,13:25:25,220,208,1470.7043835180584,jessica,pilot,0.2.1,6st,trial_start,,,,,252
0.4.4-dirty,2017-04-07,13:25:25,220,208,1471.4136510747676,jessica,pilot,0.2.1,6st,stimulus,,test,,,9
0.4.4-dirty,2017-04-07,13:25:25,220,208,1473.1740677533135,jessica,pilot,0.2.1,6st,stream_1,,test,,,1
0.4.4-dirty,2017-04-07,13:25:25,220,208,1473.3074030633366,jessica,pilot,0.2.1,6st,stream_1_up,,test,,,3
0.4.4-dirty,2017-04-07,13:25:25,221,209,1473.513709292075,jessica,pilot,0.2.1,6st,trial_start,,,,,252
0.4.4-dirty,2017-04-07,13:25:25,221,209,1474.1726778935026,jessica,pilot,0.2.1,6st,paused,,,,,253
0.4.4-dirty,2017-04-07,13:25:25,221,209,1475.1552018675152,jessica,pilot,0.2.1,6st,terminated,,,,,253
0.4.4-dirty,2017-04-07,13:25:25,221,209,1475.1552018675152,jessica,pilot,0.2.1,6st,closed,,,,,15
